[
  {
    "model": "admin.logentry",
    "pk": 1,
    "fields": {
      "action_time": "2023-12-15T20:00:27.734Z",
      "user": 1,
      "content_type": 9,
      "object_id": "1",
      "object_repr": "TV",
      "action_flag": 1,
      "change_message": "[{\"added\": {}}]"
    }
  },
  {
    "model": "admin.logentry",
    "pk": 2,
    "fields": {
      "action_time": "2023-12-15T20:01:44.812Z",
      "user": 1,
      "content_type": 10,
      "object_id": "1",
      "object_repr": "icon of TV",
      "action_flag": 1,
      "change_message": "[{\"added\": {}}]"
    }
  },
  {
    "model": "admin.logentry",
    "pk": 3,
    "fields": {
      "action_time": "2023-12-15T20:02:17.015Z",
      "user": 1,
      "content_type": 9,
      "object_id": "1",
      "object_repr": "Телевизоры",
      "action_flag": 2,
      "change_message": "[{\"changed\": {\"fields\": [\"Title\"]}}]"
    }
  },
  {
    "model": "admin.logentry",
    "pk": 4,
    "fields": {
      "action_time": "2023-12-15T20:02:33.920Z",
      "user": 1,
      "content_type": 9,
      "object_id": "2",
      "object_repr": "Телефоны",
      "action_flag": 1,
      "change_message": "[{\"added\": {}}]"
    }
  },
  {
    "model": "admin.logentry",
    "pk": 5,
    "fields": {
      "action_time": "2023-12-15T20:02:48.412Z",
      "user": 1,
      "content_type": 9,
      "object_id": "3",
      "object_repr": "Персональные компьютеры",
      "action_flag": 1,
      "change_message": "[{\"added\": {}}]"
    }
  },
  {
    "model": "admin.logentry",
    "pk": 6,
    "fields": {
      "action_time": "2023-12-15T20:02:55.081Z",
      "user": 1,
      "content_type": 9,
      "object_id": "4",
      "object_repr": "Ноутбуки",
      "action_flag": 1,
      "change_message": "[{\"added\": {}}]"
    }
  },
  {
    "model": "admin.logentry",
    "pk": 7,
    "fields": {
      "action_time": "2023-12-15T20:03:39.128Z",
      "user": 1,
      "content_type": 9,
      "object_id": "3",
      "object_repr": "Персональные компьютеры",
      "action_flag": 2,
      "change_message": "[]"
    }
  },
  {
    "model": "admin.logentry",
    "pk": 8,
    "fields": {
      "action_time": "2023-12-15T20:03:48.005Z",
      "user": 1,
      "content_type": 10,
      "object_id": "2",
      "object_repr": "icon of Персональные компьютеры",
      "action_flag": 1,
      "change_message": "[{\"added\": {}}]"
    }
  },
  {
    "model": "admin.logentry",
    "pk": 9,
    "fields": {
      "action_time": "2023-12-15T20:04:05.598Z",
      "user": 1,
      "content_type": 9,
      "object_id": "3",
      "object_repr": "Персональные компьютеры",
      "action_flag": 2,
      "change_message": "[{\"changed\": {\"fields\": [\"Active\"]}}]"
    }
  },
  {
    "model": "admin.logentry",
    "pk": 10,
    "fields": {
      "action_time": "2023-12-15T20:04:18.351Z",
      "user": 1,
      "content_type": 10,
      "object_id": "2",
      "object_repr": "icon of Персональные компьютеры",
      "action_flag": 3,
      "change_message": ""
    }
  },
  {
    "model": "admin.logentry",
    "pk": 11,
    "fields": {
      "action_time": "2023-12-15T20:04:37.517Z",
      "user": 1,
      "content_type": 9,
      "object_id": "2",
      "object_repr": "Телефоны",
      "action_flag": 3,
      "change_message": ""
    }
  },
  {
    "model": "admin.logentry",
    "pk": 12,
    "fields": {
      "action_time": "2023-12-15T20:04:37.717Z",
      "user": 1,
      "content_type": 9,
      "object_id": "3",
      "object_repr": "Персональные компьютеры",
      "action_flag": 3,
      "change_message": ""
    }
  },
  {
    "model": "admin.logentry",
    "pk": 13,
    "fields": {
      "action_time": "2023-12-15T20:04:37.816Z",
      "user": 1,
      "content_type": 9,
      "object_id": "4",
      "object_repr": "Ноутбуки",
      "action_flag": 3,
      "change_message": ""
    }
  },
  {
    "model": "admin.logentry",
    "pk": 14,
    "fields": {
      "action_time": "2023-12-15T20:04:54.654Z",
      "user": 1,
      "content_type": 9,
      "object_id": "5",
      "object_repr": "Смартфоны",
      "action_flag": 1,
      "change_message": "[{\"added\": {}}]"
    }
  },
  {
    "model": "admin.logentry",
    "pk": 15,
    "fields": {
      "action_time": "2023-12-15T20:05:36.208Z",
      "user": 1,
      "content_type": 10,
      "object_id": "3",
      "object_repr": "icon of Смартфоны",
      "action_flag": 1,
      "change_message": "[{\"added\": {}}]"
    }
  },
  {
    "model": "admin.logentry",
    "pk": 16,
    "fields": {
      "action_time": "2023-12-15T20:06:11.555Z",
      "user": 1,
      "content_type": 9,
      "object_id": "6",
      "object_repr": "Ноутбуки",
      "action_flag": 1,
      "change_message": "[{\"added\": {}}]"
    }
  },
  {
    "model": "admin.logentry",
    "pk": 17,
    "fields": {
      "action_time": "2023-12-15T20:06:51.732Z",
      "user": 1,
      "content_type": 10,
      "object_id": "4",
      "object_repr": "icon of Ноутбуки",
      "action_flag": 1,
      "change_message": "[{\"added\": {}}]"
    }
  },
  {
    "model": "admin.logentry",
    "pk": 18,
    "fields": {
      "action_time": "2023-12-15T20:11:32.777Z",
      "user": 1,
      "content_type": 11,
      "object_id": "1",
      "object_repr": "6.7\" Смартфон Apple iPhone 15 Pro Max 1024 ГБ синий",
      "action_flag": 1,
      "change_message": "[{\"added\": {}}]"
    }
  },
  {
    "model": "admin.logentry",
    "pk": 19,
    "fields": {
      "action_time": "2023-12-15T20:12:07.064Z",
      "user": 1,
      "content_type": 16,
      "object_id": "1",
      "object_repr": "/products/images/1/7f9749f9571c2d097ac38121545eaf585e1d0ae30aad7aae6ab83207e5996abd.jpg.webp",
      "action_flag": 1,
      "change_message": "[{\"added\": {}}]"
    }
  },
  {
    "model": "admin.logentry",
    "pk": 20,
    "fields": {
      "action_time": "2023-12-15T20:13:42.257Z",
      "user": 1,
      "content_type": 12,
      "object_id": "1",
      "object_repr": "Смартфон",
      "action_flag": 1,
      "change_message": "[{\"added\": {}}]"
    }
  },
  {
    "model": "admin.logentry",
    "pk": 21,
    "fields": {
      "action_time": "2023-12-15T20:15:20.630Z",
      "user": 1,
      "content_type": 11,
      "object_id": "1",
      "object_repr": "6.7\" Смартфон Apple iPhone 15 Pro Max 1024 ГБ синий",
      "action_flag": 2,
      "change_message": "[{\"changed\": {\"fields\": [\"Price\"]}}]"
    }
  },
  {
    "model": "admin.logentry",
    "pk": 22,
    "fields": {
      "action_time": "2023-12-15T20:17:39.579Z",
      "user": 1,
      "content_type": 11,
      "object_id": "2",
      "object_repr": "6.8\" Смартфон Samsung Galaxy S23 Ultra 1024 ГБ бежевый",
      "action_flag": 1,
      "change_message": "[{\"added\": {}}]"
    }
  },
  {
    "model": "admin.logentry",
    "pk": 23,
    "fields": {
      "action_time": "2023-12-15T20:18:17.780Z",
      "user": 1,
      "content_type": 16,
      "object_id": "2",
      "object_repr": "/products/images/2/3725db021d8585c16dbbadacede3bde87c1ed04c755f44134a80ea4352725116.jpg.webp",
      "action_flag": 1,
      "change_message": "[{\"added\": {}}]"
    }
  },
  {
    "model": "admin.logentry",
    "pk": 24,
    "fields": {
      "action_time": "2023-12-15T20:20:44.642Z",
      "user": 1,
      "content_type": 11,
      "object_id": "3",
      "object_repr": "6.7\" Смартфон HONOR 90 512 ГБ зеленый",
      "action_flag": 1,
      "change_message": "[{\"added\": {}}]"
    }
  },
  {
    "model": "admin.logentry",
    "pk": 25,
    "fields": {
      "action_time": "2023-12-15T20:21:17.675Z",
      "user": 1,
      "content_type": 16,
      "object_id": "3",
      "object_repr": "/products/images/3/e12280833d4630f6f016de9de54ca9385576790f22caf83fa7a23d672a82301f.jpg.webp",
      "action_flag": 1,
      "change_message": "[{\"added\": {}}]"
    }
  },
  {
    "model": "admin.logentry",
    "pk": 26,
    "fields": {
      "action_time": "2023-12-15T20:31:09.429Z",
      "user": 1,
      "content_type": 11,
      "object_id": "4",
      "object_repr": "17.3\" Ноутбук MSI Katana B12VFK-463XRU черный",
      "action_flag": 1,
      "change_message": "[{\"added\": {}}]"
    }
  },
  {
    "model": "admin.logentry",
    "pk": 27,
    "fields": {
      "action_time": "2023-12-15T20:31:44.416Z",
      "user": 1,
      "content_type": 16,
      "object_id": "4",
      "object_repr": "/products/images/4/76a14808e46114ff4cb11a20842c5a89a5c6140377c9e04e35b8ed3d530ad45d.jpg.webp",
      "action_flag": 1,
      "change_message": "[{\"added\": {}}]"
    }
  },
  {
    "model": "admin.logentry",
    "pk": 28,
    "fields": {
      "action_time": "2023-12-15T20:32:02.453Z",
      "user": 1,
      "content_type": 16,
      "object_id": "5",
      "object_repr": "/products/images/4/66c481eece57a3270e4154cfcddb9380a8377ea2a18577e6fb1c0c89a4b3e509.jpg.webp",
      "action_flag": 1,
      "change_message": "[{\"added\": {}}]"
    }
  },
  {
    "model": "admin.logentry",
    "pk": 29,
    "fields": {
      "action_time": "2023-12-15T20:32:55.196Z",
      "user": 1,
      "content_type": 16,
      "object_id": "6",
      "object_repr": "/products/images/4/8f654c19087d366cdd32374409b567097ec7985fb87464aa56426c3edcca81dd.jpg.webp",
      "action_flag": 1,
      "change_message": "[{\"added\": {}}]"
    }
  },
  {
    "model": "admin.logentry",
    "pk": 30,
    "fields": {
      "action_time": "2023-12-15T20:37:42.429Z",
      "user": 1,
      "content_type": 11,
      "object_id": "5",
      "object_repr": "Характеристики 17.3\" Ноутбук MSI Titan GT77 HX 13VI-096RU черный",
      "action_flag": 1,
      "change_message": "[{\"added\": {}}]"
    }
  },
  {
    "model": "admin.logentry",
    "pk": 31,
    "fields": {
      "action_time": "2023-12-15T20:49:15.003Z",
      "user": 1,
      "content_type": 16,
      "object_id": "7",
      "object_repr": "/products/images/5/cb4865c8cef8deb4597f328c1e027aa1d42c00d233f98aadd819f59401280e28.jpg.webp",
      "action_flag": 1,
      "change_message": "[{\"added\": {}}]"
    }
  },
  {
    "model": "admin.logentry",
    "pk": 32,
    "fields": {
      "action_time": "2023-12-15T20:49:39.002Z",
      "user": 1,
      "content_type": 11,
      "object_id": "5",
      "object_repr": "17.3\" Ноутбук MSI Titan GT77 HX 13VI-096RU черный",
      "action_flag": 2,
      "change_message": "[{\"changed\": {\"fields\": [\"Title\", \"Active\"]}}]"
    }
  },
  {
    "model": "admin.logentry",
    "pk": 33,
    "fields": {
      "action_time": "2023-12-15T20:50:43.994Z",
      "user": 1,
      "content_type": 16,
      "object_id": "8",
      "object_repr": "/products/images/5/32bd2930239b14f0a5c82fb659b923b2cd40a8b05609203d8535e23a1aa16614.jpg.webp",
      "action_flag": 1,
      "change_message": "[{\"added\": {}}]"
    }
  },
  {
    "model": "admin.logentry",
    "pk": 34,
    "fields": {
      "action_time": "2023-12-15T20:50:53.649Z",
      "user": 1,
      "content_type": 16,
      "object_id": "9",
      "object_repr": "/products/images/5/32bd2930239b14f0a5c82fb659b923b2cd40a8b05609203d8535e23a1aa16614.jpg_1EKxf3b.webp",
      "action_flag": 1,
      "change_message": "[{\"added\": {}}]"
    }
  },
  {
    "model": "admin.logentry",
    "pk": 35,
    "fields": {
      "action_time": "2023-12-15T20:52:29.102Z",
      "user": 1,
      "content_type": 16,
      "object_id": "9",
      "object_repr": "/products/images/5/c181964fb83558e201ab7d088c52faa7f2e6e5a83582740f9324716e514d7b53.jpg.webp",
      "action_flag": 2,
      "change_message": "[{\"changed\": {\"fields\": [\"Image\"]}}]"
    }
  },
  {
    "model": "admin.logentry",
    "pk": 36,
    "fields": {
      "action_time": "2023-12-15T20:54:53.776Z",
      "user": 1,
      "content_type": 11,
      "object_id": "6",
      "object_repr": "16.2\" Ноутбук Apple MacBook Pro \"Как новый\" серебристый",
      "action_flag": 1,
      "change_message": "[{\"added\": {}}]"
    }
  },
  {
    "model": "admin.logentry",
    "pk": 37,
    "fields": {
      "action_time": "2023-12-15T20:55:01.103Z",
      "user": 1,
      "content_type": 11,
      "object_id": "6",
      "object_repr": "16.2\" Ноутбук Apple MacBook Pro \"Как новый\" серебристый",
      "action_flag": 2,
      "change_message": "[{\"changed\": {\"fields\": [\"Active\", \"Category\"]}}]"
    }
  },
  {
    "model": "admin.logentry",
    "pk": 38,
    "fields": {
      "action_time": "2023-12-15T20:56:41.855Z",
      "user": 1,
      "content_type": 16,
      "object_id": "10",
      "object_repr": "/products/images/6/97be7a758529a77bb88187e403474920445682e016369a4eef2b438afc70e8aa.jpg.webp",
      "action_flag": 1,
      "change_message": "[{\"added\": {}}]"
    }
  },
  {
    "model": "admin.logentry",
    "pk": 39,
    "fields": {
      "action_time": "2023-12-15T20:57:07.344Z",
      "user": 1,
      "content_type": 16,
      "object_id": "11",
      "object_repr": "/products/images/6/375c0d27edcd88d65e4ee68a8fbde9c769d432d133444667332f0f35959b0bd2.jpg.webp",
      "action_flag": 1,
      "change_message": "[{\"added\": {}}]"
    }
  },
  {
    "model": "admin.logentry",
    "pk": 40,
    "fields": {
      "action_time": "2023-12-15T20:58:36.110Z",
      "user": 1,
      "content_type": 11,
      "object_id": "1",
      "object_repr": "6.7\" Смартфон Apple iPhone 15 Pro Max 1024 ГБ синий",
      "action_flag": 2,
      "change_message": "[{\"changed\": {\"fields\": [\"FullDescription\"]}}]"
    }
  },
  {
    "model": "admin.logentry",
    "pk": 41,
    "fields": {
      "action_time": "2023-12-15T21:01:14.464Z",
      "user": 1,
      "content_type": 11,
      "object_id": "7",
      "object_repr": "65\" (163 см) Телевизор LED Samsung QE65QN900BUXCE серый",
      "action_flag": 1,
      "change_message": "[{\"added\": {}}]"
    }
  },
  {
    "model": "admin.logentry",
    "pk": 42,
    "fields": {
      "action_time": "2023-12-15T21:02:07.560Z",
      "user": 1,
      "content_type": 16,
      "object_id": "12",
      "object_repr": "/products/images/7/3f10b4c63e27d979311979092bd6c73fce6dca195410cf39c59add77c8c3f70d.png.png",
      "action_flag": 1,
      "change_message": "[{\"added\": {}}]"
    }
  },
  {
    "model": "admin.logentry",
    "pk": 43,
    "fields": {
      "action_time": "2023-12-15T21:02:18.421Z",
      "user": 1,
      "content_type": 16,
      "object_id": "13",
      "object_repr": "/products/images/7/fde6a1d0c530e43156529dc975c7002e57ea21954f48ef0ecd4d7ea9af3cdf00.jpg.webp",
      "action_flag": 1,
      "change_message": "[{\"added\": {}}]"
    }
  },
  {
    "model": "admin.logentry",
    "pk": 44,
    "fields": {
      "action_time": "2023-12-15T21:03:57.284Z",
      "user": 1,
      "content_type": 11,
      "object_id": "8",
      "object_repr": "48\" (121 см) Телевизор OLED Sony XR48A90KAEP черный",
      "action_flag": 1,
      "change_message": "[{\"added\": {}}]"
    }
  },
  {
    "model": "admin.logentry",
    "pk": 45,
    "fields": {
      "action_time": "2023-12-15T21:04:44.829Z",
      "user": 1,
      "content_type": 16,
      "object_id": "14",
      "object_repr": "/products/images/8/426f3c8e0baca7e1aadc522e108c8562d9fef2f348d1bef2380eb6553af9ae6f.jpg.webp",
      "action_flag": 1,
      "change_message": "[{\"added\": {}}]"
    }
  },
  {
    "model": "admin.logentry",
    "pk": 46,
    "fields": {
      "action_time": "2023-12-15T21:05:06.591Z",
      "user": 1,
      "content_type": 16,
      "object_id": "15",
      "object_repr": "/products/images/8/f37b5ece150195f9de02c9ecb928b12508851dfe40f9dedf3faac25675672dfe.jpg.webp",
      "action_flag": 1,
      "change_message": "[{\"added\": {}}]"
    }
  },
  {
    "model": "admin.logentry",
    "pk": 47,
    "fields": {
      "action_time": "2023-12-15T21:06:17.539Z",
      "user": 1,
      "content_type": 15,
      "object_id": "1",
      "object_repr": "ProductSpecification object (1)",
      "action_flag": 1,
      "change_message": "[{\"added\": {}}]"
    }
  },
  {
    "model": "admin.logentry",
    "pk": 48,
    "fields": {
      "action_time": "2023-12-15T21:07:03.529Z",
      "user": 1,
      "content_type": 15,
      "object_id": "1",
      "object_repr": "ProductSpecification object (1)",
      "action_flag": 3,
      "change_message": ""
    }
  },
  {
    "model": "admin.logentry",
    "pk": 49,
    "fields": {
      "action_time": "2023-12-15T21:10:41.781Z",
      "user": 1,
      "content_type": 12,
      "object_id": "1",
      "object_repr": "Смартфон",
      "action_flag": 2,
      "change_message": "[{\"changed\": {\"fields\": [\"Product\"]}}]"
    }
  },
  {
    "model": "admin.logentry",
    "pk": 50,
    "fields": {
      "action_time": "2023-12-15T21:23:21.641Z",
      "user": 1,
      "content_type": 12,
      "object_id": "2",
      "object_repr": "TV",
      "action_flag": 1,
      "change_message": "[{\"added\": {}}]"
    }
  },
  {
    "model": "admin.logentry",
    "pk": 51,
    "fields": {
      "action_time": "2023-12-15T21:23:31.594Z",
      "user": 1,
      "content_type": 12,
      "object_id": "3",
      "object_repr": "Notebook",
      "action_flag": 1,
      "change_message": "[{\"added\": {}}]"
    }
  },
  {
    "model": "admin.logentry",
    "pk": 52,
    "fields": {
      "action_time": "2023-12-15T21:27:52.374Z",
      "user": 1,
      "content_type": 15,
      "object_id": "2",
      "object_repr": "ProductSpecification object (2)",
      "action_flag": 1,
      "change_message": "[{\"added\": {}}]"
    }
  },
  {
    "model": "admin.logentry",
    "pk": 53,
    "fields": {
      "action_time": "2023-12-15T21:28:39.892Z",
      "user": 1,
      "content_type": 15,
      "object_id": "3",
      "object_repr": "ProductSpecification object (3)",
      "action_flag": 1,
      "change_message": "[{\"added\": {}}]"
    }
  },
  {
    "model": "admin.logentry",
    "pk": 54,
    "fields": {
      "action_time": "2023-12-15T21:29:04.286Z",
      "user": 1,
      "content_type": 15,
      "object_id": "4",
      "object_repr": "ProductSpecification object (4)",
      "action_flag": 1,
      "change_message": "[{\"added\": {}}]"
    }
  },
  {
    "model": "admin.logentry",
    "pk": 55,
    "fields": {
      "action_time": "2023-12-15T21:29:27.578Z",
      "user": 1,
      "content_type": 15,
      "object_id": "5",
      "object_repr": "ProductSpecification object (5)",
      "action_flag": 1,
      "change_message": "[{\"added\": {}}]"
    }
  },
  {
    "model": "admin.logentry",
    "pk": 56,
    "fields": {
      "action_time": "2023-12-15T21:29:58.656Z",
      "user": 1,
      "content_type": 15,
      "object_id": "6",
      "object_repr": "ProductSpecification object (6)",
      "action_flag": 1,
      "change_message": "[{\"added\": {}}]"
    }
  },
  {
    "model": "admin.logentry",
    "pk": 57,
    "fields": {
      "action_time": "2023-12-15T21:30:25.081Z",
      "user": 1,
      "content_type": 15,
      "object_id": "7",
      "object_repr": "ProductSpecification object (7)",
      "action_flag": 1,
      "change_message": "[{\"added\": {}}]"
    }
  },
  {
    "model": "admin.logentry",
    "pk": 58,
    "fields": {
      "action_time": "2023-12-15T21:31:14.364Z",
      "user": 1,
      "content_type": 15,
      "object_id": "8",
      "object_repr": "ProductSpecification object (8)",
      "action_flag": 1,
      "change_message": "[{\"added\": {}}]"
    }
  },
  {
    "model": "admin.logentry",
    "pk": 59,
    "fields": {
      "action_time": "2023-12-15T21:31:37.065Z",
      "user": 1,
      "content_type": 15,
      "object_id": "9",
      "object_repr": "ProductSpecification object (9)",
      "action_flag": 1,
      "change_message": "[{\"added\": {}}]"
    }
  },
  {
    "model": "admin.logentry",
    "pk": 60,
    "fields": {
      "action_time": "2023-12-15T21:32:11.148Z",
      "user": 1,
      "content_type": 15,
      "object_id": "10",
      "object_repr": "ProductSpecification object (10)",
      "action_flag": 1,
      "change_message": "[{\"added\": {}}]"
    }
  },
  {
    "model": "admin.logentry",
    "pk": 61,
    "fields": {
      "action_time": "2023-12-15T21:32:50.184Z",
      "user": 1,
      "content_type": 15,
      "object_id": "11",
      "object_repr": "ProductSpecification object (11)",
      "action_flag": 1,
      "change_message": "[{\"added\": {}}]"
    }
  },
  {
    "model": "admin.logentry",
    "pk": 62,
    "fields": {
      "action_time": "2023-12-15T21:33:07.901Z",
      "user": 1,
      "content_type": 15,
      "object_id": "12",
      "object_repr": "ProductSpecification object (12)",
      "action_flag": 1,
      "change_message": "[{\"added\": {}}]"
    }
  },
  {
    "model": "admin.logentry",
    "pk": 63,
    "fields": {
      "action_time": "2023-12-15T21:33:44.812Z",
      "user": 1,
      "content_type": 15,
      "object_id": "13",
      "object_repr": "ProductSpecification object (13)",
      "action_flag": 1,
      "change_message": "[{\"added\": {}}]"
    }
  },
  {
    "model": "admin.logentry",
    "pk": 64,
    "fields": {
      "action_time": "2023-12-15T21:33:59.158Z",
      "user": 1,
      "content_type": 15,
      "object_id": "14",
      "object_repr": "ProductSpecification object (14)",
      "action_flag": 1,
      "change_message": "[{\"added\": {}}]"
    }
  },
  {
    "model": "admin.logentry",
    "pk": 65,
    "fields": {
      "action_time": "2023-12-15T21:34:29.872Z",
      "user": 1,
      "content_type": 15,
      "object_id": "15",
      "object_repr": "ProductSpecification object (15)",
      "action_flag": 1,
      "change_message": "[{\"added\": {}}]"
    }
  },
  {
    "model": "admin.logentry",
    "pk": 66,
    "fields": {
      "action_time": "2023-12-15T21:35:55.670Z",
      "user": 1,
      "content_type": 14,
      "object_id": "1",
      "object_repr": "No name author: 6.7\" Смартфон Apple iPhone 15 Pro Max 1024 ГБ синий",
      "action_flag": 1,
      "change_message": "[{\"added\": {}}]"
    }
  },
  {
    "model": "admin.logentry",
    "pk": 67,
    "fields": {
      "action_time": "2023-12-15T21:39:00.732Z",
      "user": 1,
      "content_type": 11,
      "object_id": "3",
      "object_repr": "6.7\" Смартфон HONOR 90 512 ГБ зеленый",
      "action_flag": 3,
      "change_message": ""
    }
  },
  {
    "model": "admin.logentry",
    "pk": 68,
    "fields": {
      "action_time": "2023-12-15T21:39:09.896Z",
      "user": 1,
      "content_type": 11,
      "object_id": "4",
      "object_repr": "17.3\" Ноутбук MSI Katana B12VFK-463XRU черный",
      "action_flag": 3,
      "change_message": ""
    }
  },
  {
    "model": "admin.logentry",
    "pk": 69,
    "fields": {
      "action_time": "2023-12-15T21:42:05.676Z",
      "user": 1,
      "content_type": 15,
      "object_id": "16",
      "object_repr": "ProductSpecification object (16)",
      "action_flag": 1,
      "change_message": "[{\"added\": {}}]"
    }
  },
  {
    "model": "admin.logentry",
    "pk": 70,
    "fields": {
      "action_time": "2023-12-15T21:42:29.258Z",
      "user": 1,
      "content_type": 15,
      "object_id": "17",
      "object_repr": "ProductSpecification object (17)",
      "action_flag": 1,
      "change_message": "[{\"added\": {}}]"
    }
  },
  {
    "model": "admin.logentry",
    "pk": 71,
    "fields": {
      "action_time": "2023-12-15T21:42:45.350Z",
      "user": 1,
      "content_type": 15,
      "object_id": "18",
      "object_repr": "ProductSpecification object (18)",
      "action_flag": 1,
      "change_message": "[{\"added\": {}}]"
    }
  },
  {
    "model": "admin.logentry",
    "pk": 72,
    "fields": {
      "action_time": "2023-12-15T21:43:02.948Z",
      "user": 1,
      "content_type": 15,
      "object_id": "19",
      "object_repr": "ProductSpecification object (19)",
      "action_flag": 1,
      "change_message": "[{\"added\": {}}]"
    }
  },
  {
    "model": "admin.logentry",
    "pk": 73,
    "fields": {
      "action_time": "2023-12-15T21:43:19.768Z",
      "user": 1,
      "content_type": 15,
      "object_id": "20",
      "object_repr": "ProductSpecification object (20)",
      "action_flag": 1,
      "change_message": "[{\"added\": {}}]"
    }
  },
  {
    "model": "admin.logentry",
    "pk": 74,
    "fields": {
      "action_time": "2023-12-15T21:43:41.056Z",
      "user": 1,
      "content_type": 15,
      "object_id": "21",
      "object_repr": "ProductSpecification object (21)",
      "action_flag": 1,
      "change_message": "[{\"added\": {}}]"
    }
  },
  {
    "model": "admin.logentry",
    "pk": 75,
    "fields": {
      "action_time": "2023-12-15T21:43:57.443Z",
      "user": 1,
      "content_type": 15,
      "object_id": "22",
      "object_repr": "ProductSpecification object (22)",
      "action_flag": 1,
      "change_message": "[{\"added\": {}}]"
    }
  },
  {
    "model": "admin.logentry",
    "pk": 76,
    "fields": {
      "action_time": "2023-12-15T21:44:13.928Z",
      "user": 1,
      "content_type": 15,
      "object_id": "23",
      "object_repr": "ProductSpecification object (23)",
      "action_flag": 1,
      "change_message": "[{\"added\": {}}]"
    }
  },
  {
    "model": "admin.logentry",
    "pk": 77,
    "fields": {
      "action_time": "2023-12-15T21:44:30.910Z",
      "user": 1,
      "content_type": 15,
      "object_id": "24",
      "object_repr": "ProductSpecification object (24)",
      "action_flag": 1,
      "change_message": "[{\"added\": {}}]"
    }
  },
  {
    "model": "admin.logentry",
    "pk": 78,
    "fields": {
      "action_time": "2023-12-15T21:44:46.928Z",
      "user": 1,
      "content_type": 15,
      "object_id": "25",
      "object_repr": "ProductSpecification object (25)",
      "action_flag": 1,
      "change_message": "[{\"added\": {}}]"
    }
  },
  {
    "model": "admin.logentry",
    "pk": 79,
    "fields": {
      "action_time": "2023-12-15T21:45:19.013Z",
      "user": 1,
      "content_type": 15,
      "object_id": "26",
      "object_repr": "ProductSpecification object (26)",
      "action_flag": 1,
      "change_message": "[{\"added\": {}}]"
    }
  },
  {
    "model": "admin.logentry",
    "pk": 80,
    "fields": {
      "action_time": "2023-12-15T21:47:21.844Z",
      "user": 1,
      "content_type": 14,
      "object_id": "2",
      "object_repr": "Дрюля: 6.8\" Смартфон Samsung Galaxy S23 Ultra 1024 ГБ бежевый",
      "action_flag": 1,
      "change_message": "[{\"added\": {}}]"
    }
  },
  {
    "model": "admin.logentry",
    "pk": 81,
    "fields": {
      "action_time": "2023-12-15T21:47:36.200Z",
      "user": 1,
      "content_type": 14,
      "object_id": "2",
      "object_repr": "Дрюля: 6.8\" Смартфон Samsung Galaxy S23 Ultra 1024 ГБ бежевый",
      "action_flag": 2,
      "change_message": "[]"
    }
  },
  {
    "model": "admin.logentry",
    "pk": 82,
    "fields": {
      "action_time": "2023-12-16T16:07:23.631Z",
      "user": 1,
      "content_type": 15,
      "object_id": "27",
      "object_repr": "ProductSpecification object (27)",
      "action_flag": 1,
      "change_message": "[{\"added\": {}}]"
    }
  },
  {
    "model": "admin.logentry",
    "pk": 83,
    "fields": {
      "action_time": "2023-12-16T16:07:37.896Z",
      "user": 1,
      "content_type": 15,
      "object_id": "28",
      "object_repr": "ProductSpecification object (28)",
      "action_flag": 1,
      "change_message": "[{\"added\": {}}]"
    }
  },
  {
    "model": "admin.logentry",
    "pk": 84,
    "fields": {
      "action_time": "2023-12-16T16:07:54.336Z",
      "user": 1,
      "content_type": 15,
      "object_id": "29",
      "object_repr": "ProductSpecification object (29)",
      "action_flag": 1,
      "change_message": "[{\"added\": {}}]"
    }
  },
  {
    "model": "admin.logentry",
    "pk": 85,
    "fields": {
      "action_time": "2023-12-16T16:08:13.596Z",
      "user": 1,
      "content_type": 15,
      "object_id": "30",
      "object_repr": "ProductSpecification object (30)",
      "action_flag": 1,
      "change_message": "[{\"added\": {}}]"
    }
  },
  {
    "model": "admin.logentry",
    "pk": 86,
    "fields": {
      "action_time": "2023-12-16T16:08:27.104Z",
      "user": 1,
      "content_type": 15,
      "object_id": "31",
      "object_repr": "ProductSpecification object (31)",
      "action_flag": 1,
      "change_message": "[{\"added\": {}}]"
    }
  },
  {
    "model": "admin.logentry",
    "pk": 87,
    "fields": {
      "action_time": "2023-12-16T16:08:43.319Z",
      "user": 1,
      "content_type": 15,
      "object_id": "32",
      "object_repr": "ProductSpecification object (32)",
      "action_flag": 1,
      "change_message": "[{\"added\": {}}]"
    }
  },
  {
    "model": "admin.logentry",
    "pk": 88,
    "fields": {
      "action_time": "2023-12-16T16:08:57.297Z",
      "user": 1,
      "content_type": 15,
      "object_id": "33",
      "object_repr": "ProductSpecification object (33)",
      "action_flag": 1,
      "change_message": "[{\"added\": {}}]"
    }
  },
  {
    "model": "admin.logentry",
    "pk": 89,
    "fields": {
      "action_time": "2023-12-16T16:09:19.003Z",
      "user": 1,
      "content_type": 15,
      "object_id": "34",
      "object_repr": "ProductSpecification object (34)",
      "action_flag": 1,
      "change_message": "[{\"added\": {}}]"
    }
  },
  {
    "model": "admin.logentry",
    "pk": 90,
    "fields": {
      "action_time": "2023-12-16T16:09:31.542Z",
      "user": 1,
      "content_type": 15,
      "object_id": "35",
      "object_repr": "ProductSpecification object (35)",
      "action_flag": 1,
      "change_message": "[{\"added\": {}}]"
    }
  },
  {
    "model": "admin.logentry",
    "pk": 91,
    "fields": {
      "action_time": "2023-12-16T16:09:45.780Z",
      "user": 1,
      "content_type": 15,
      "object_id": "36",
      "object_repr": "ProductSpecification object (36)",
      "action_flag": 1,
      "change_message": "[{\"added\": {}}]"
    }
  },
  {
    "model": "admin.logentry",
    "pk": 92,
    "fields": {
      "action_time": "2023-12-16T16:10:00.314Z",
      "user": 1,
      "content_type": 15,
      "object_id": "37",
      "object_repr": "ProductSpecification object (37)",
      "action_flag": 1,
      "change_message": "[{\"added\": {}}]"
    }
  },
  {
    "model": "admin.logentry",
    "pk": 93,
    "fields": {
      "action_time": "2023-12-16T16:10:15.031Z",
      "user": 1,
      "content_type": 15,
      "object_id": "38",
      "object_repr": "ProductSpecification object (38)",
      "action_flag": 1,
      "change_message": "[{\"added\": {}}]"
    }
  },
  {
    "model": "admin.logentry",
    "pk": 94,
    "fields": {
      "action_time": "2023-12-16T16:10:28.422Z",
      "user": 1,
      "content_type": 15,
      "object_id": "39",
      "object_repr": "ProductSpecification object (39)",
      "action_flag": 1,
      "change_message": "[{\"added\": {}}]"
    }
  },
  {
    "model": "admin.logentry",
    "pk": 95,
    "fields": {
      "action_time": "2023-12-16T16:10:41.478Z",
      "user": 1,
      "content_type": 15,
      "object_id": "40",
      "object_repr": "ProductSpecification object (40)",
      "action_flag": 1,
      "change_message": "[{\"added\": {}}]"
    }
  },
  {
    "model": "admin.logentry",
    "pk": 96,
    "fields": {
      "action_time": "2023-12-16T16:10:55.760Z",
      "user": 1,
      "content_type": 15,
      "object_id": "41",
      "object_repr": "ProductSpecification object (41)",
      "action_flag": 1,
      "change_message": "[{\"added\": {}}]"
    }
  },
  {
    "model": "admin.logentry",
    "pk": 97,
    "fields": {
      "action_time": "2023-12-16T16:11:07.205Z",
      "user": 1,
      "content_type": 15,
      "object_id": "42",
      "object_repr": "ProductSpecification object (42)",
      "action_flag": 1,
      "change_message": "[{\"added\": {}}]"
    }
  },
  {
    "model": "admin.logentry",
    "pk": 98,
    "fields": {
      "action_time": "2023-12-16T16:11:44.042Z",
      "user": 1,
      "content_type": 15,
      "object_id": "43",
      "object_repr": "ProductSpecification object (43)",
      "action_flag": 1,
      "change_message": "[{\"added\": {}}]"
    }
  },
  {
    "model": "admin.logentry",
    "pk": 99,
    "fields": {
      "action_time": "2023-12-16T16:11:56.339Z",
      "user": 1,
      "content_type": 15,
      "object_id": "44",
      "object_repr": "ProductSpecification object (44)",
      "action_flag": 1,
      "change_message": "[{\"added\": {}}]"
    }
  },
  {
    "model": "admin.logentry",
    "pk": 100,
    "fields": {
      "action_time": "2023-12-16T16:12:14.452Z",
      "user": 1,
      "content_type": 15,
      "object_id": "45",
      "object_repr": "ProductSpecification object (45)",
      "action_flag": 1,
      "change_message": "[{\"added\": {}}]"
    }
  },
  {
    "model": "admin.logentry",
    "pk": 101,
    "fields": {
      "action_time": "2023-12-16T16:12:35.913Z",
      "user": 1,
      "content_type": 15,
      "object_id": "46",
      "object_repr": "ProductSpecification object (46)",
      "action_flag": 1,
      "change_message": "[{\"added\": {}}]"
    }
  },
  {
    "model": "admin.logentry",
    "pk": 102,
    "fields": {
      "action_time": "2023-12-16T16:12:47.901Z",
      "user": 1,
      "content_type": 15,
      "object_id": "46",
      "object_repr": "ProductSpecification object (46)",
      "action_flag": 2,
      "change_message": "[{\"changed\": {\"fields\": [\"Value\"]}}]"
    }
  },
  {
    "model": "admin.logentry",
    "pk": 103,
    "fields": {
      "action_time": "2023-12-16T16:12:58.246Z",
      "user": 1,
      "content_type": 15,
      "object_id": "47",
      "object_repr": "ProductSpecification object (47)",
      "action_flag": 1,
      "change_message": "[{\"added\": {}}]"
    }
  },
  {
    "model": "admin.logentry",
    "pk": 104,
    "fields": {
      "action_time": "2023-12-16T16:13:13.451Z",
      "user": 1,
      "content_type": 15,
      "object_id": "48",
      "object_repr": "ProductSpecification object (48)",
      "action_flag": 1,
      "change_message": "[{\"added\": {}}]"
    }
  },
  {
    "model": "admin.logentry",
    "pk": 105,
    "fields": {
      "action_time": "2023-12-16T16:15:07.890Z",
      "user": 1,
      "content_type": 14,
      "object_id": "3",
      "object_repr": "Artelord: 17.3\" Ноутбук MSI Titan GT77 HX 13VI-096RU черный",
      "action_flag": 1,
      "change_message": "[{\"added\": {}}]"
    }
  },
  {
    "model": "admin.logentry",
    "pk": 106,
    "fields": {
      "action_time": "2023-12-16T16:17:42.567Z",
      "user": 1,
      "content_type": 15,
      "object_id": "49",
      "object_repr": "ProductSpecification object (49)",
      "action_flag": 1,
      "change_message": "[{\"added\": {}}]"
    }
  },
  {
    "model": "admin.logentry",
    "pk": 107,
    "fields": {
      "action_time": "2023-12-16T16:18:09.422Z",
      "user": 1,
      "content_type": 15,
      "object_id": "50",
      "object_repr": "ProductSpecification object (50)",
      "action_flag": 1,
      "change_message": "[{\"added\": {}}]"
    }
  },
  {
    "model": "admin.logentry",
    "pk": 108,
    "fields": {
      "action_time": "2023-12-16T16:19:44.096Z",
      "user": 1,
      "content_type": 15,
      "object_id": "51",
      "object_repr": "ProductSpecification object (51)",
      "action_flag": 1,
      "change_message": "[{\"added\": {}}]"
    }
  },
  {
    "model": "admin.logentry",
    "pk": 109,
    "fields": {
      "action_time": "2023-12-16T16:20:02.882Z",
      "user": 1,
      "content_type": 15,
      "object_id": "52",
      "object_repr": "ProductSpecification object (52)",
      "action_flag": 1,
      "change_message": "[{\"added\": {}}]"
    }
  },
  {
    "model": "admin.logentry",
    "pk": 110,
    "fields": {
      "action_time": "2023-12-16T16:20:23.097Z",
      "user": 1,
      "content_type": 15,
      "object_id": "53",
      "object_repr": "ProductSpecification object (53)",
      "action_flag": 1,
      "change_message": "[{\"added\": {}}]"
    }
  },
  {
    "model": "admin.logentry",
    "pk": 111,
    "fields": {
      "action_time": "2023-12-16T16:20:40.116Z",
      "user": 1,
      "content_type": 15,
      "object_id": "54",
      "object_repr": "ProductSpecification object (54)",
      "action_flag": 1,
      "change_message": "[{\"added\": {}}]"
    }
  },
  {
    "model": "admin.logentry",
    "pk": 112,
    "fields": {
      "action_time": "2023-12-16T16:20:54.812Z",
      "user": 1,
      "content_type": 15,
      "object_id": "55",
      "object_repr": "ProductSpecification object (55)",
      "action_flag": 1,
      "change_message": "[{\"added\": {}}]"
    }
  },
  {
    "model": "admin.logentry",
    "pk": 113,
    "fields": {
      "action_time": "2023-12-16T16:21:11.704Z",
      "user": 1,
      "content_type": 15,
      "object_id": "56",
      "object_repr": "ProductSpecification object (56)",
      "action_flag": 1,
      "change_message": "[{\"added\": {}}]"
    }
  },
  {
    "model": "admin.logentry",
    "pk": 114,
    "fields": {
      "action_time": "2023-12-16T16:21:20.641Z",
      "user": 1,
      "content_type": 15,
      "object_id": "57",
      "object_repr": "ProductSpecification object (57)",
      "action_flag": 1,
      "change_message": "[{\"added\": {}}]"
    }
  },
  {
    "model": "admin.logentry",
    "pk": 115,
    "fields": {
      "action_time": "2023-12-16T16:21:37.543Z",
      "user": 1,
      "content_type": 15,
      "object_id": "58",
      "object_repr": "ProductSpecification object (58)",
      "action_flag": 1,
      "change_message": "[{\"added\": {}}]"
    }
  },
  {
    "model": "admin.logentry",
    "pk": 116,
    "fields": {
      "action_time": "2023-12-16T16:21:49.254Z",
      "user": 1,
      "content_type": 15,
      "object_id": "59",
      "object_repr": "ProductSpecification object (59)",
      "action_flag": 1,
      "change_message": "[{\"added\": {}}]"
    }
  },
  {
    "model": "admin.logentry",
    "pk": 117,
    "fields": {
      "action_time": "2023-12-16T16:23:29.819Z",
      "user": 1,
      "content_type": 15,
      "object_id": "60",
      "object_repr": "ProductSpecification object (60)",
      "action_flag": 1,
      "change_message": "[{\"added\": {}}]"
    }
  },
  {
    "model": "admin.logentry",
    "pk": 118,
    "fields": {
      "action_time": "2023-12-16T16:23:43.337Z",
      "user": 1,
      "content_type": 15,
      "object_id": "61",
      "object_repr": "ProductSpecification object (61)",
      "action_flag": 1,
      "change_message": "[{\"added\": {}}]"
    }
  },
  {
    "model": "admin.logentry",
    "pk": 119,
    "fields": {
      "action_time": "2023-12-16T16:24:36.997Z",
      "user": 1,
      "content_type": 15,
      "object_id": "62",
      "object_repr": "ProductSpecification object (62)",
      "action_flag": 1,
      "change_message": "[{\"added\": {}}]"
    }
  },
  {
    "model": "admin.logentry",
    "pk": 120,
    "fields": {
      "action_time": "2023-12-16T16:24:51.683Z",
      "user": 1,
      "content_type": 15,
      "object_id": "63",
      "object_repr": "ProductSpecification object (63)",
      "action_flag": 1,
      "change_message": "[{\"added\": {}}]"
    }
  },
  {
    "model": "admin.logentry",
    "pk": 121,
    "fields": {
      "action_time": "2023-12-16T16:25:13.319Z",
      "user": 1,
      "content_type": 15,
      "object_id": "64",
      "object_repr": "ProductSpecification object (64)",
      "action_flag": 1,
      "change_message": "[{\"added\": {}}]"
    }
  },
  {
    "model": "admin.logentry",
    "pk": 122,
    "fields": {
      "action_time": "2023-12-16T16:25:27.598Z",
      "user": 1,
      "content_type": 15,
      "object_id": "65",
      "object_repr": "ProductSpecification object (65)",
      "action_flag": 1,
      "change_message": "[{\"added\": {}}]"
    }
  },
  {
    "model": "admin.logentry",
    "pk": 123,
    "fields": {
      "action_time": "2023-12-16T16:25:44.698Z",
      "user": 1,
      "content_type": 15,
      "object_id": "66",
      "object_repr": "ProductSpecification object (66)",
      "action_flag": 1,
      "change_message": "[{\"added\": {}}]"
    }
  },
  {
    "model": "admin.logentry",
    "pk": 124,
    "fields": {
      "action_time": "2023-12-16T16:25:55.075Z",
      "user": 1,
      "content_type": 15,
      "object_id": "67",
      "object_repr": "ProductSpecification object (67)",
      "action_flag": 1,
      "change_message": "[{\"added\": {}}]"
    }
  },
  {
    "model": "admin.logentry",
    "pk": 125,
    "fields": {
      "action_time": "2023-12-16T16:26:20.829Z",
      "user": 1,
      "content_type": 15,
      "object_id": "68",
      "object_repr": "ProductSpecification object (68)",
      "action_flag": 1,
      "change_message": "[{\"added\": {}}]"
    }
  },
  {
    "model": "admin.logentry",
    "pk": 126,
    "fields": {
      "action_time": "2023-12-16T16:26:34.425Z",
      "user": 1,
      "content_type": 15,
      "object_id": "69",
      "object_repr": "ProductSpecification object (69)",
      "action_flag": 1,
      "change_message": "[{\"added\": {}}]"
    }
  },
  {
    "model": "admin.logentry",
    "pk": 127,
    "fields": {
      "action_time": "2023-12-16T16:26:45.889Z",
      "user": 1,
      "content_type": 15,
      "object_id": "70",
      "object_repr": "ProductSpecification object (70)",
      "action_flag": 1,
      "change_message": "[{\"added\": {}}]"
    }
  },
  {
    "model": "admin.logentry",
    "pk": 128,
    "fields": {
      "action_time": "2023-12-16T16:27:06.586Z",
      "user": 1,
      "content_type": 15,
      "object_id": "71",
      "object_repr": "ProductSpecification object (71)",
      "action_flag": 1,
      "change_message": "[{\"added\": {}}]"
    }
  },
  {
    "model": "admin.logentry",
    "pk": 129,
    "fields": {
      "action_time": "2023-12-16T16:28:34.851Z",
      "user": 1,
      "content_type": 15,
      "object_id": "72",
      "object_repr": "ProductSpecification object (72)",
      "action_flag": 1,
      "change_message": "[{\"added\": {}}]"
    }
  },
  {
    "model": "admin.logentry",
    "pk": 130,
    "fields": {
      "action_time": "2023-12-16T16:28:57.847Z",
      "user": 1,
      "content_type": 15,
      "object_id": "73",
      "object_repr": "ProductSpecification object (73)",
      "action_flag": 1,
      "change_message": "[{\"added\": {}}]"
    }
  },
  {
    "model": "admin.logentry",
    "pk": 131,
    "fields": {
      "action_time": "2023-12-16T16:29:13.834Z",
      "user": 1,
      "content_type": 15,
      "object_id": "74",
      "object_repr": "ProductSpecification object (74)",
      "action_flag": 1,
      "change_message": "[{\"added\": {}}]"
    }
  },
  {
    "model": "admin.logentry",
    "pk": 132,
    "fields": {
      "action_time": "2023-12-16T16:29:25.899Z",
      "user": 1,
      "content_type": 15,
      "object_id": "75",
      "object_repr": "ProductSpecification object (75)",
      "action_flag": 1,
      "change_message": "[{\"added\": {}}]"
    }
  },
  {
    "model": "admin.logentry",
    "pk": 133,
    "fields": {
      "action_time": "2023-12-16T16:29:45.028Z",
      "user": 1,
      "content_type": 15,
      "object_id": "76",
      "object_repr": "ProductSpecification object (76)",
      "action_flag": 1,
      "change_message": "[{\"added\": {}}]"
    }
  },
  {
    "model": "admin.logentry",
    "pk": 134,
    "fields": {
      "action_time": "2023-12-16T16:30:01.706Z",
      "user": 1,
      "content_type": 15,
      "object_id": "77",
      "object_repr": "ProductSpecification object (77)",
      "action_flag": 1,
      "change_message": "[{\"added\": {}}]"
    }
  },
  {
    "model": "admin.logentry",
    "pk": 135,
    "fields": {
      "action_time": "2023-12-16T16:30:23.697Z",
      "user": 1,
      "content_type": 15,
      "object_id": "78",
      "object_repr": "ProductSpecification object (78)",
      "action_flag": 1,
      "change_message": "[{\"added\": {}}]"
    }
  },
  {
    "model": "admin.logentry",
    "pk": 136,
    "fields": {
      "action_time": "2023-12-16T16:30:34.544Z",
      "user": 1,
      "content_type": 15,
      "object_id": "79",
      "object_repr": "ProductSpecification object (79)",
      "action_flag": 1,
      "change_message": "[{\"added\": {}}]"
    }
  },
  {
    "model": "admin.logentry",
    "pk": 137,
    "fields": {
      "action_time": "2023-12-16T16:30:43.696Z",
      "user": 1,
      "content_type": 15,
      "object_id": "80",
      "object_repr": "ProductSpecification object (80)",
      "action_flag": 1,
      "change_message": "[{\"added\": {}}]"
    }
  },
  {
    "model": "admin.logentry",
    "pk": 138,
    "fields": {
      "action_time": "2023-12-16T16:31:50.387Z",
      "user": 1,
      "content_type": 14,
      "object_id": "4",
      "object_repr": "Пришелец-FE2283: 48\" (121 см) Телевизор OLED Sony XR48A90KAEP черный",
      "action_flag": 1,
      "change_message": "[{\"added\": {}}]"
    }
  },
  {
    "model": "admin.logentry",
    "pk": 139,
    "fields": {
      "action_time": "2023-12-16T16:43:15.098Z",
      "user": 1,
      "content_type": 14,
      "object_id": "4",
      "object_repr": "Пришелец-FE2283: 48\" (121 см) Телевизор OLED Sony XR48A90KAEP черный",
      "action_flag": 2,
      "change_message": "[{\"changed\": {\"fields\": [\"Text\"]}}]"
    }
  },
  {
    "model": "admin.logentry",
    "pk": 140,
    "fields": {
      "action_time": "2023-12-16T16:44:03.661Z",
      "user": 1,
      "content_type": 13,
      "object_id": "1",
      "object_repr": "17.3\" Ноутбук MSI Titan GT77 HX 13VI-096RU черный",
      "action_flag": 1,
      "change_message": "[{\"added\": {}}]"
    }
  },
  {
    "model": "admin.logentry",
    "pk": 141,
    "fields": {
      "action_time": "2023-12-16T16:45:00.800Z",
      "user": 1,
      "content_type": 11,
      "object_id": "5",
      "object_repr": "17.3\" Ноутбук MSI Titan GT77 HX 13VI-096RU черный",
      "action_flag": 2,
      "change_message": "[{\"changed\": {\"fields\": [\"Price\"]}}]"
    }
  },
  {
    "model": "admin.logentry",
    "pk": 142,
    "fields": {
      "action_time": "2023-12-16T16:45:44.248Z",
      "user": 1,
      "content_type": 13,
      "object_id": "2",
      "object_repr": "6.7\" Смартфон Apple iPhone 15 Pro Max 1024 ГБ синий",
      "action_flag": 1,
      "change_message": "[{\"added\": {}}]"
    }
  },
  {
    "model": "auth.permission",
    "pk": 1,
    "fields": {
      "name": "Can add log entry",
      "content_type": 1,
      "codename": "add_logentry"
    }
  },
  {
    "model": "auth.permission",
    "pk": 2,
    "fields": {
      "name": "Can change log entry",
      "content_type": 1,
      "codename": "change_logentry"
    }
  },
  {
    "model": "auth.permission",
    "pk": 3,
    "fields": {
      "name": "Can delete log entry",
      "content_type": 1,
      "codename": "delete_logentry"
    }
  },
  {
    "model": "auth.permission",
    "pk": 4,
    "fields": {
      "name": "Can view log entry",
      "content_type": 1,
      "codename": "view_logentry"
    }
  },
  {
    "model": "auth.permission",
    "pk": 5,
    "fields": {
      "name": "Can add permission",
      "content_type": 2,
      "codename": "add_permission"
    }
  },
  {
    "model": "auth.permission",
    "pk": 6,
    "fields": {
      "name": "Can change permission",
      "content_type": 2,
      "codename": "change_permission"
    }
  },
  {
    "model": "auth.permission",
    "pk": 7,
    "fields": {
      "name": "Can delete permission",
      "content_type": 2,
      "codename": "delete_permission"
    }
  },
  {
    "model": "auth.permission",
    "pk": 8,
    "fields": {
      "name": "Can view permission",
      "content_type": 2,
      "codename": "view_permission"
    }
  },
  {
    "model": "auth.permission",
    "pk": 9,
    "fields": {
      "name": "Can add group",
      "content_type": 3,
      "codename": "add_group"
    }
  },
  {
    "model": "auth.permission",
    "pk": 10,
    "fields": {
      "name": "Can change group",
      "content_type": 3,
      "codename": "change_group"
    }
  },
  {
    "model": "auth.permission",
    "pk": 11,
    "fields": {
      "name": "Can delete group",
      "content_type": 3,
      "codename": "delete_group"
    }
  },
  {
    "model": "auth.permission",
    "pk": 12,
    "fields": {
      "name": "Can view group",
      "content_type": 3,
      "codename": "view_group"
    }
  },
  {
    "model": "auth.permission",
    "pk": 13,
    "fields": {
      "name": "Can add user",
      "content_type": 4,
      "codename": "add_user"
    }
  },
  {
    "model": "auth.permission",
    "pk": 14,
    "fields": {
      "name": "Can change user",
      "content_type": 4,
      "codename": "change_user"
    }
  },
  {
    "model": "auth.permission",
    "pk": 15,
    "fields": {
      "name": "Can delete user",
      "content_type": 4,
      "codename": "delete_user"
    }
  },
  {
    "model": "auth.permission",
    "pk": 16,
    "fields": {
      "name": "Can view user",
      "content_type": 4,
      "codename": "view_user"
    }
  },
  {
    "model": "auth.permission",
    "pk": 17,
    "fields": {
      "name": "Can add content type",
      "content_type": 5,
      "codename": "add_contenttype"
    }
  },
  {
    "model": "auth.permission",
    "pk": 18,
    "fields": {
      "name": "Can change content type",
      "content_type": 5,
      "codename": "change_contenttype"
    }
  },
  {
    "model": "auth.permission",
    "pk": 19,
    "fields": {
      "name": "Can delete content type",
      "content_type": 5,
      "codename": "delete_contenttype"
    }
  },
  {
    "model": "auth.permission",
    "pk": 20,
    "fields": {
      "name": "Can view content type",
      "content_type": 5,
      "codename": "view_contenttype"
    }
  },
  {
    "model": "auth.permission",
    "pk": 21,
    "fields": {
      "name": "Can add session",
      "content_type": 6,
      "codename": "add_session"
    }
  },
  {
    "model": "auth.permission",
    "pk": 22,
    "fields": {
      "name": "Can change session",
      "content_type": 6,
      "codename": "change_session"
    }
  },
  {
    "model": "auth.permission",
    "pk": 23,
    "fields": {
      "name": "Can delete session",
      "content_type": 6,
      "codename": "delete_session"
    }
  },
  {
    "model": "auth.permission",
    "pk": 24,
    "fields": {
      "name": "Can view session",
      "content_type": 6,
      "codename": "view_session"
    }
  },
  {
    "model": "auth.permission",
    "pk": 25,
    "fields": {
      "name": "Can add Profile",
      "content_type": 7,
      "codename": "add_profile"
    }
  },
  {
    "model": "auth.permission",
    "pk": 26,
    "fields": {
      "name": "Can change Profile",
      "content_type": 7,
      "codename": "change_profile"
    }
  },
  {
    "model": "auth.permission",
    "pk": 27,
    "fields": {
      "name": "Can delete Profile",
      "content_type": 7,
      "codename": "delete_profile"
    }
  },
  {
    "model": "auth.permission",
    "pk": 28,
    "fields": {
      "name": "Can view Profile",
      "content_type": 7,
      "codename": "view_profile"
    }
  },
  {
    "model": "auth.permission",
    "pk": 29,
    "fields": {
      "name": "Can add Profile image",
      "content_type": 8,
      "codename": "add_avatar"
    }
  },
  {
    "model": "auth.permission",
    "pk": 30,
    "fields": {
      "name": "Can change Profile image",
      "content_type": 8,
      "codename": "change_avatar"
    }
  },
  {
    "model": "auth.permission",
    "pk": 31,
    "fields": {
      "name": "Can delete Profile image",
      "content_type": 8,
      "codename": "delete_avatar"
    }
  },
  {
    "model": "auth.permission",
    "pk": 32,
    "fields": {
      "name": "Can view Profile image",
      "content_type": 8,
      "codename": "view_avatar"
    }
  },
  {
    "model": "auth.permission",
    "pk": 33,
    "fields": {
      "name": "Can add Category",
      "content_type": 9,
      "codename": "add_category"
    }
  },
  {
    "model": "auth.permission",
    "pk": 34,
    "fields": {
      "name": "Can change Category",
      "content_type": 9,
      "codename": "change_category"
    }
  },
  {
    "model": "auth.permission",
    "pk": 35,
    "fields": {
      "name": "Can delete Category",
      "content_type": 9,
      "codename": "delete_category"
    }
  },
  {
    "model": "auth.permission",
    "pk": 36,
    "fields": {
      "name": "Can view Category",
      "content_type": 9,
      "codename": "view_category"
    }
  },
  {
    "model": "auth.permission",
    "pk": 37,
    "fields": {
      "name": "Can add Category icon",
      "content_type": 10,
      "codename": "add_categoryicon"
    }
  },
  {
    "model": "auth.permission",
    "pk": 38,
    "fields": {
      "name": "Can change Category icon",
      "content_type": 10,
      "codename": "change_categoryicon"
    }
  },
  {
    "model": "auth.permission",
    "pk": 39,
    "fields": {
      "name": "Can delete Category icon",
      "content_type": 10,
      "codename": "delete_categoryicon"
    }
  },
  {
    "model": "auth.permission",
    "pk": 40,
    "fields": {
      "name": "Can view Category icon",
      "content_type": 10,
      "codename": "view_categoryicon"
    }
  },
  {
    "model": "auth.permission",
    "pk": 41,
    "fields": {
      "name": "Can add Product",
      "content_type": 11,
      "codename": "add_product"
    }
  },
  {
    "model": "auth.permission",
    "pk": 42,
    "fields": {
      "name": "Can change Product",
      "content_type": 11,
      "codename": "change_product"
    }
  },
  {
    "model": "auth.permission",
    "pk": 43,
    "fields": {
      "name": "Can delete Product",
      "content_type": 11,
      "codename": "delete_product"
    }
  },
  {
    "model": "auth.permission",
    "pk": 44,
    "fields": {
      "name": "Can view Product",
      "content_type": 11,
      "codename": "view_product"
    }
  },
  {
    "model": "auth.permission",
    "pk": 45,
    "fields": {
      "name": "Can add Tag",
      "content_type": 12,
      "codename": "add_tag"
    }
  },
  {
    "model": "auth.permission",
    "pk": 46,
    "fields": {
      "name": "Can change Tag",
      "content_type": 12,
      "codename": "change_tag"
    }
  },
  {
    "model": "auth.permission",
    "pk": 47,
    "fields": {
      "name": "Can delete Tag",
      "content_type": 12,
      "codename": "delete_tag"
    }
  },
  {
    "model": "auth.permission",
    "pk": 48,
    "fields": {
      "name": "Can view Tag",
      "content_type": 12,
      "codename": "view_tag"
    }
  },
  {
    "model": "auth.permission",
    "pk": 49,
    "fields": {
      "name": "Can add Sale",
      "content_type": 13,
      "codename": "add_sale"
    }
  },
  {
    "model": "auth.permission",
    "pk": 50,
    "fields": {
      "name": "Can change Sale",
      "content_type": 13,
      "codename": "change_sale"
    }
  },
  {
    "model": "auth.permission",
    "pk": 51,
    "fields": {
      "name": "Can delete Sale",
      "content_type": 13,
      "codename": "delete_sale"
    }
  },
  {
    "model": "auth.permission",
    "pk": 52,
    "fields": {
      "name": "Can view Sale",
      "content_type": 13,
      "codename": "view_sale"
    }
  },
  {
    "model": "auth.permission",
    "pk": 53,
    "fields": {
      "name": "Can add Review",
      "content_type": 14,
      "codename": "add_review"
    }
  },
  {
    "model": "auth.permission",
    "pk": 54,
    "fields": {
      "name": "Can change Review",
      "content_type": 14,
      "codename": "change_review"
    }
  },
  {
    "model": "auth.permission",
    "pk": 55,
    "fields": {
      "name": "Can delete Review",
      "content_type": 14,
      "codename": "delete_review"
    }
  },
  {
    "model": "auth.permission",
    "pk": 56,
    "fields": {
      "name": "Can view Review",
      "content_type": 14,
      "codename": "view_review"
    }
  },
  {
    "model": "auth.permission",
    "pk": 57,
    "fields": {
      "name": "Can add Product specification",
      "content_type": 15,
      "codename": "add_productspecification"
    }
  },
  {
    "model": "auth.permission",
    "pk": 58,
    "fields": {
      "name": "Can change Product specification",
      "content_type": 15,
      "codename": "change_productspecification"
    }
  },
  {
    "model": "auth.permission",
    "pk": 59,
    "fields": {
      "name": "Can delete Product specification",
      "content_type": 15,
      "codename": "delete_productspecification"
    }
  },
  {
    "model": "auth.permission",
    "pk": 60,
    "fields": {
      "name": "Can view Product specification",
      "content_type": 15,
      "codename": "view_productspecification"
    }
  },
  {
    "model": "auth.permission",
    "pk": 61,
    "fields": {
      "name": "Can add Product image",
      "content_type": 16,
      "codename": "add_productimage"
    }
  },
  {
    "model": "auth.permission",
    "pk": 62,
    "fields": {
      "name": "Can change Product image",
      "content_type": 16,
      "codename": "change_productimage"
    }
  },
  {
    "model": "auth.permission",
    "pk": 63,
    "fields": {
      "name": "Can delete Product image",
      "content_type": 16,
      "codename": "delete_productimage"
    }
  },
  {
    "model": "auth.permission",
    "pk": 64,
    "fields": {
      "name": "Can view Product image",
      "content_type": 16,
      "codename": "view_productimage"
    }
  },
  {
    "model": "auth.permission",
    "pk": 65,
    "fields": {
      "name": "Can add Order",
      "content_type": 17,
      "codename": "add_order"
    }
  },
  {
    "model": "auth.permission",
    "pk": 66,
    "fields": {
      "name": "Can change Order",
      "content_type": 17,
      "codename": "change_order"
    }
  },
  {
    "model": "auth.permission",
    "pk": 67,
    "fields": {
      "name": "Can delete Order",
      "content_type": 17,
      "codename": "delete_order"
    }
  },
  {
    "model": "auth.permission",
    "pk": 68,
    "fields": {
      "name": "Can view Order",
      "content_type": 17,
      "codename": "view_order"
    }
  },
  {
    "model": "auth.permission",
    "pk": 69,
    "fields": {
      "name": "Can add count productin order",
      "content_type": 18,
      "codename": "add_countproductinorder"
    }
  },
  {
    "model": "auth.permission",
    "pk": 70,
    "fields": {
      "name": "Can change count productin order",
      "content_type": 18,
      "codename": "change_countproductinorder"
    }
  },
  {
    "model": "auth.permission",
    "pk": 71,
    "fields": {
      "name": "Can delete count productin order",
      "content_type": 18,
      "codename": "delete_countproductinorder"
    }
  },
  {
    "model": "auth.permission",
    "pk": 72,
    "fields": {
      "name": "Can view count productin order",
      "content_type": 18,
      "codename": "view_countproductinorder"
    }
  },
  {
    "model": "auth.user",
    "pk": 1,
    "fields": {
      "password": "pbkdf2_sha256$600000$Ea2CmvBwCOmrPDMKjsb6Ir$DxotM9p7g6q1UFx94DIAK4IUEwfGf1zRcq5dsgYTecA=",
      "last_login": "2023-12-15T21:26:28.169Z",
      "is_superuser": true,
      "username": "admin",
      "first_name": "",
      "last_name": "",
      "email": "",
      "is_staff": true,
      "is_active": true,
      "date_joined": "2023-12-15T19:59:23.252Z",
      "groups": [],
      "user_permissions": []
    }
  },
  {
    "model": "auth.user",
    "pk": 2,
    "fields": {
      "password": "pbkdf2_sha256$600000$f7YYp2FI9EsqXhi60YORps$3a+hH1Fv+0u75a0h5hd3BvIm/sV+7BlzMBInC7zaNWg=",
      "last_login": "2023-12-15T21:24:44.407Z",
      "is_superuser": false,
      "username": "testuser",
      "first_name": "",
      "last_name": "",
      "email": "",
      "is_staff": false,
      "is_active": true,
      "date_joined": "2023-12-15T21:24:42.470Z",
      "groups": [],
      "user_permissions": []
    }
  },
  {
    "model": "contenttypes.contenttype",
    "pk": 1,
    "fields": {
      "app_label": "admin",
      "model": "logentry"
    }
  },
  {
    "model": "contenttypes.contenttype",
    "pk": 2,
    "fields": {
      "app_label": "auth",
      "model": "permission"
    }
  },
  {
    "model": "contenttypes.contenttype",
    "pk": 3,
    "fields": {
      "app_label": "auth",
      "model": "group"
    }
  },
  {
    "model": "contenttypes.contenttype",
    "pk": 4,
    "fields": {
      "app_label": "auth",
      "model": "user"
    }
  },
  {
    "model": "contenttypes.contenttype",
    "pk": 5,
    "fields": {
      "app_label": "contenttypes",
      "model": "contenttype"
    }
  },
  {
    "model": "contenttypes.contenttype",
    "pk": 6,
    "fields": {
      "app_label": "sessions",
      "model": "session"
    }
  },
  {
    "model": "contenttypes.contenttype",
    "pk": 7,
    "fields": {
      "app_label": "app_users",
      "model": "profile"
    }
  },
  {
    "model": "contenttypes.contenttype",
    "pk": 8,
    "fields": {
      "app_label": "app_users",
      "model": "avatar"
    }
  },
  {
    "model": "contenttypes.contenttype",
    "pk": 9,
    "fields": {
      "app_label": "app_catalog",
      "model": "category"
    }
  },
  {
    "model": "contenttypes.contenttype",
    "pk": 10,
    "fields": {
      "app_label": "app_catalog",
      "model": "categoryicon"
    }
  },
  {
    "model": "contenttypes.contenttype",
    "pk": 11,
    "fields": {
      "app_label": "app_products",
      "model": "product"
    }
  },
  {
    "model": "contenttypes.contenttype",
    "pk": 12,
    "fields": {
      "app_label": "app_products",
      "model": "tag"
    }
  },
  {
    "model": "contenttypes.contenttype",
    "pk": 13,
    "fields": {
      "app_label": "app_products",
      "model": "sale"
    }
  },
  {
    "model": "contenttypes.contenttype",
    "pk": 14,
    "fields": {
      "app_label": "app_products",
      "model": "review"
    }
  },
  {
    "model": "contenttypes.contenttype",
    "pk": 15,
    "fields": {
      "app_label": "app_products",
      "model": "productspecification"
    }
  },
  {
    "model": "contenttypes.contenttype",
    "pk": 16,
    "fields": {
      "app_label": "app_products",
      "model": "productimage"
    }
  },
  {
    "model": "contenttypes.contenttype",
    "pk": 17,
    "fields": {
      "app_label": "app_orders",
      "model": "order"
    }
  },
  {
    "model": "contenttypes.contenttype",
    "pk": 18,
    "fields": {
      "app_label": "app_orders",
      "model": "countproductinorder"
    }
  },
  {
    "model": "sessions.session",
    "pk": "2mld1xjt9grlfrok4x9d9sp6bc2m588s",
    "fields": {
      "session_data": "eyJiYXNrZXQiOnt9fQ:1rEYSv:Hg8EWQArElBV5rQ1-weJMU-tMy8jvulEDQyuRKzyYqg",
      "expire_date": "2023-12-30T17:28:41.677Z"
    }
  },
  {
    "model": "app_users.profile",
    "pk": 1,
    "fields": {
      "user": 2,
      "fullName": "",
      "email": "",
      "phone": ""
    }
  },
  {
    "model": "app_catalog.category",
    "pk": 1,
    "fields": {
      "title": "Телевизоры",
      "active": true,
      "parent": null,
      "favourite": false
    }
  },
  {
    "model": "app_catalog.category",
    "pk": 5,
    "fields": {
      "title": "Смартфоны",
      "active": false,
      "parent": null,
      "favourite": false
    }
  },
  {
    "model": "app_catalog.category",
    "pk": 6,
    "fields": {
      "title": "Ноутбуки",
      "active": true,
      "parent": null,
      "favourite": false
    }
  },
  {
    "model": "app_catalog.categoryicon",
    "pk": 1,
    "fields": {
      "src": "catalog/icons/TV/d4f672c8c1b08401c3fb67cce747b7db.avif",
      "category": 1
    }
  },
  {
    "model": "app_catalog.categoryicon",
    "pk": 3,
    "fields": {
      "src": "catalog/icons/Смартфоны/shopping.webp",
      "category": 5
    }
  },
  {
    "model": "app_catalog.categoryicon",
    "pk": 4,
    "fields": {
      "src": "catalog/icons/Ноутбуки/84215e2c-1ba9-41cf-ad84-130afa4482d7.webp",
      "category": 6
    }
  },
  {
    "model": "app_products.product",
    "pk": 1,
    "fields": {
      "title": "6.7\" Смартфон Apple iPhone 15 Pro Max 1024 ГБ синий",
      "description": "ядер - 6x(3.78 ГГц), 8 ГБ, 2 SIM, OLED, 2796x1290, камера 48+12+12 Мп, NFC, 5G, GPS, 4441 мА*ч",
      "fullDescription": "Аппаратной основой Apple iPhone 15 Pro Max стал 3-нанометровый чипсет A17 Pro с 6-ядерным GPU и поддержкой трассировки лучей. Чип выдает высочайшую производительность в играх. Также имеется 16-ядерный Neural Engine, который обрабатывает 35 миллионов операций в секунду.\r\nКорпус смартфона изготовлен из титана 5-го класса (такой, например, используется в космическом ровере NASA). Титан прочнее, легче и долговечнее, чем алюминий и сталь. У iPhone 15 Pro Max нет физического переключателя для перехода в бесшумный режим. На его месте расположена программируемая кнопка, которая реагирует на силу нажатия. С ее помощью можно, например, включить камеру или фонарик.\r\nУ iPhone 15 Pro Max 6,7-дюймовый OLED-экран с разрешением 2796 × 1290 пикселей, кадровой частотой 120 Гц и пиковой яркостью 2000 нит.\r\nОсновная камера состоит из трех сенсоров. Главный на 48 Мп. Пользователь может выбрать фокусное расстояние — 24, 28 или 35 мм. Также у смартфона ширик и телевик с 5-кратным приближением без потери качества на 12 Мп.\r\niPhone 15 Pro Max получил порты USB-C с поддержкой USB 3 и скоростью передачи данных до 10 Гбит/с. Операционная система — iOS 17.",
      "price": "2000.00",
      "count": 5,
      "date": "2023-12-15T20:11:32.776Z",
      "freeDelivery": true,
      "limited_edition": false,
      "rating": "5.00",
      "active": true,
      "category": 5
    }
  },
  {
    "model": "app_products.product",
    "pk": 2,
    "fields": {
      "title": "6.8\" Смартфон Samsung Galaxy S23 Ultra 1024 ГБ бежевый",
      "description": "ядер - 8x(3.2 ГГц), 12 ГБ, 2 SIM, Dynamic AMOLED 2X, 3088x1440, камера 200+12+10+10 Мп, NFC, 5G, GPS, 5000 мА*ч",
      "fullDescription": "Смартфон Samsung Galaxy S23 Ultra 1000 ГБ – модель флагманской серии с дисплеем 6.8 дюйма и поддержкой внесения данных при помощи фирменного стилуса. Панель с частотой обновления кадров 120 Гц и технологией Dynamic AMOLED 2X способна впечатлять реалистичной картинкой с богатой цветовой палитрой. Профессиональная камера с 4-мя датчиками 200+12+10+10 Мп способна создавать четкие и красочные снимки. Фронтальная камера 12 Мп и множество творческих режимов позволяют делать креативные селфи.\r\nБыстродействие Samsung Galaxy S23 Ultra при выполнении различных задач обеспечивается процессором Snapdragon 8 и 12 ГБ ОЗУ. Корпус смартфона надежно защищен от внешних воздействий по стандарту IP68. В устройстве реализованы стандарты беспроводной синхронизации Wi-Fi и Bluetooth, модуль NFC, стереодинамики. Аккумулятор 5000 мА*ч гарантирует длительное время работы без подзарядки, а также отличается поддержкой быстрой и беспроводной зарядки.",
      "price": "1600.00",
      "count": 5,
      "date": "2023-12-15T20:17:39.578Z",
      "freeDelivery": true,
      "limited_edition": false,
      "rating": "5.00",
      "active": true,
      "category": 5
    }
  },
  {
    "model": "app_products.product",
    "pk": 5,
    "fields": {
      "title": "17.3\" Ноутбук MSI Titan GT77 HX 13VI-096RU черный",
      "description": "Ultra HD 4K (3840x2160), IPS, Intel Core i9-13980HX, ядра: 8 + 16 х 2.2 ГГц, RAM 32 ГБ, SSD 2000 ГБ, GeForce RTX 4090 для ноутбуков 16 ГБ, Windows 11 Home Single Language",
      "fullDescription": "Ноутбук MSI Titan GT77 HX 13VI-096RU создан для требовательных геймеров. В нем сочетаются мощная аппаратная платформа, продуманная эргономика, стабильность и технологичность. Высокая производительность при запуске игр достигается благодаря процессору Intel Core i9, графическому адаптеру GeForce RTX 4090 от NVIDIA, 32 ГБ оперативной памяти и накопителю SSD на 2000 ГБ. Стабильный режим при любых нагрузках обеспечивается эффективной системой охлаждения с двумя вентиляторами и тепловыми трубками.\r\nMSI Titan GT77 HX оборудован экраном 17.3 дюйма IPS UltraHD, на котором отображается детализированное и красочное изображение. Частота 144 Гц помогает исключить искажение графики в динамичных играх. Акустическая система формирует насыщенный чистый звук. Из других особенностей – клавиатура с подсветкой ARGB, широкий ряд проводных и беспроводных интерфейсов, продолжительная автономность и поддержка технологии ускоренной зарядки.",
      "price": "3000.00",
      "count": 5,
      "date": "2023-12-15T20:37:42.428Z",
      "freeDelivery": true,
      "limited_edition": false,
      "rating": "5.00",
      "active": true,
      "category": 6
    }
  },
  {
    "model": "app_products.product",
    "pk": 6,
    "fields": {
      "title": "16.2\" Ноутбук Apple MacBook Pro \"Как новый\" серебристый",
      "description": "3456x2234, mini-LED, Apple M1 Pro, ядра: 8 + 2, RAM 16 ГБ, SSD 512 ГБ, Apple M1 Pro 16-core , macOS",
      "fullDescription": "Супербыстрые чипы M1 Pro и M1 Max дают феноменальную производительность и обеспечивают удивительно долгое время работы без подзарядки. Прибавьте к этому потрясающий дисплей Liquid Retina XDR и ещё больше портов для профессиональной работы. Это тот самый ноутбук, который вы так ждали.",
      "price": "2500.00",
      "count": 5,
      "date": "2023-12-15T20:54:53.775Z",
      "freeDelivery": true,
      "limited_edition": false,
      "rating": "5.00",
      "active": true,
      "category": 6
    }
  },
  {
    "model": "app_products.product",
    "pk": 7,
    "fields": {
      "title": "65\" (163 см) Телевизор LED Samsung QE65QN900BUXCE серый",
      "description": "QLED, 8K UltraHD, 7680x4320, DLNA, Wi-Fi, 120 Гц, Tizen, HDMI х 4, USB х 3 шт",
      "fullDescription": "Телевизор LED Samsung QE65QN900BUXCE оборудован поддержкой Quantum HDR. Ее основная задача заключается в выборе контрастности и четкости для конкретного участка картинки. Никогда мельчайшие элементы не были настолько детализированными, как с разрешением 7680x4320 пикселей. Забыть о ручном вводе запросов поможет голосовой ассистент Google Assistant. Активировав Ambient Mode+, вы получите информацию о пробках и прогнозе погоды.\r\nТелевизор LED Samsung QE65QN900BUXCE может похвастаться режимом Game Motion Plus, который стоит на страже своевременного обновления кадров при насыщенных игровых сражениях. Connect Share позволяет транслировать файлы со смартфона. Динамики мощностью 90 Вт и технологии Dolby призваны перевернуть представление об акустическом сопровождении. Они заполнят каждый уголок пространства объемным звуком, создающим эффект присутствия на месте событий. Со Smart TV откроются площадки Всемирной паутины с широким многообразием контента.",
      "price": "4700.00",
      "count": 5,
      "date": "2023-12-15T21:01:14.463Z",
      "freeDelivery": true,
      "limited_edition": false,
      "rating": "5.00",
      "active": true,
      "category": 1
    }
  },
  {
    "model": "app_products.product",
    "pk": 8,
    "fields": {
      "title": "48\" (121 см) Телевизор OLED Sony XR48A90KAEP черный",
      "description": "4K UltraHD, 3840x2160, DLNA, Wi-Fi, 100 Гц, Google TV, HDMI х 4, USB х 2 шт",
      "fullDescription": "Игровой телевизор OLED Sony XR48A90KAEP дополнен специальными режимами для улучшения компьютерной графики. Экран 48” с 4K-разрешением позволяет сполна наслаждаться яркими и сверхчеткими сценами, точным управлением персонажа без малейшего торможения в движении. Технологии HLG, HDR10 и Dolby Vision делают цвета реалистичными, а динамичные сцены в фильмах плавными. Мощные динамики с сабвуфером и объемным звуком создают эффект полного погружения.\r\nSony XR48A90KAEP обладает простым меню настроек и поддержкой Smart TV с функциями голосового поиска и ассистента. Вы можете использовать разные режимы просмотра и настраивать звучание. Функции AirPlay и Apple Homekit позволяют транслировать любой контент с мобильных устройств на экран.",
      "price": "2000.00",
      "count": 5,
      "date": "2023-12-15T21:03:57.283Z",
      "freeDelivery": true,
      "limited_edition": false,
      "rating": "5.00",
      "active": true,
      "category": 1
    }
  },
  {
    "model": "app_products.productspecification",
    "pk": 2,
    "fields": {
      "product": 1,
      "name": "Гарантия продавца / производителя",
      "value": "12 мес."
    }
  },
  {
    "model": "app_products.productspecification",
    "pk": 3,
    "fields": {
      "product": 1,
      "name": "Тип",
      "value": "Смартфон"
    }
  },
  {
    "model": "app_products.productspecification",
    "pk": 4,
    "fields": {
      "product": 1,
      "name": "Модель",
      "value": "Apple iPhone 15 Pro Max"
    }
  },
  {
    "model": "app_products.productspecification",
    "pk": 5,
    "fields": {
      "product": 1,
      "name": "Диапазоны частот 4G (LTE)",
      "value": "FDD-LTE 700 (B12), FDD-LTE 700 (B13), FDD-LTE 700 (B17), FDD-LTE 700 (B28), FDD-LTE 800 (B20), FDD-LTE 850 (B5), FDD-LTE 850 (B18), FDD-LTE 850 (B19), FDD-LTE 850 (B26), FDD-LTE 900 (B8), FDD-LTE 1500 (B32), FDD-LTE 1700 (B4), FDD-LTE 1700 (B66), FDD-LTE 1"
    }
  },
  {
    "model": "app_products.productspecification",
    "pk": 6,
    "fields": {
      "product": 1,
      "name": "Количество физических SIM-карт",
      "value": "2 SIM"
    }
  },
  {
    "model": "app_products.productspecification",
    "pk": 7,
    "fields": {
      "product": 1,
      "name": "Диагональ экрана (дюйм)",
      "value": "6.7\""
    }
  },
  {
    "model": "app_products.productspecification",
    "pk": 8,
    "fields": {
      "product": 1,
      "name": "Разрешение экрана",
      "value": "2796x1290"
    }
  },
  {
    "model": "app_products.productspecification",
    "pk": 9,
    "fields": {
      "product": 1,
      "name": "Частота обновления экрана",
      "value": "120 Гц"
    }
  },
  {
    "model": "app_products.productspecification",
    "pk": 10,
    "fields": {
      "product": 1,
      "name": "Версия ОС",
      "value": "iOS 17"
    }
  },
  {
    "model": "app_products.productspecification",
    "pk": 11,
    "fields": {
      "product": 1,
      "name": "Объем оперативной памяти",
      "value": "8 ГБ"
    }
  },
  {
    "model": "app_products.productspecification",
    "pk": 12,
    "fields": {
      "product": 1,
      "name": "Объем встроенной памяти",
      "value": "1024 ГБ"
    }
  },
  {
    "model": "app_products.productspecification",
    "pk": 13,
    "fields": {
      "product": 1,
      "name": "Количество основных (тыловых) камер",
      "value": "3"
    }
  },
  {
    "model": "app_products.productspecification",
    "pk": 14,
    "fields": {
      "product": 1,
      "name": "Количество мегапикселей основной камеры",
      "value": "48+12+12 Мп"
    }
  },
  {
    "model": "app_products.productspecification",
    "pk": 15,
    "fields": {
      "product": 1,
      "name": "Емкость аккумулятора",
      "value": "4441 мА*ч"
    }
  },
  {
    "model": "app_products.productspecification",
    "pk": 16,
    "fields": {
      "product": 2,
      "name": "Гарантия продавца / производителя",
      "value": "12 мес."
    }
  },
  {
    "model": "app_products.productspecification",
    "pk": 17,
    "fields": {
      "product": 2,
      "name": "Количество физических SIM-карт",
      "value": "2 SIM"
    }
  },
  {
    "model": "app_products.productspecification",
    "pk": 18,
    "fields": {
      "product": 2,
      "name": "Диагональ экрана (дюйм)",
      "value": "6.8\""
    }
  },
  {
    "model": "app_products.productspecification",
    "pk": 19,
    "fields": {
      "product": 2,
      "name": "Разрешение экрана",
      "value": "3088x1440"
    }
  },
  {
    "model": "app_products.productspecification",
    "pk": 20,
    "fields": {
      "product": 2,
      "name": "Частота обновления экрана",
      "value": "120 Гц"
    }
  },
  {
    "model": "app_products.productspecification",
    "pk": 21,
    "fields": {
      "product": 2,
      "name": "Версия ОС",
      "value": "Android 13"
    }
  },
  {
    "model": "app_products.productspecification",
    "pk": 22,
    "fields": {
      "product": 2,
      "name": "Объем оперативной памяти",
      "value": "12 ГБ"
    }
  },
  {
    "model": "app_products.productspecification",
    "pk": 23,
    "fields": {
      "product": 2,
      "name": "Объем встроенной памяти",
      "value": "1024 ГБ"
    }
  },
  {
    "model": "app_products.productspecification",
    "pk": 24,
    "fields": {
      "product": 2,
      "name": "Количество основных (тыловых) камер",
      "value": "4"
    }
  },
  {
    "model": "app_products.productspecification",
    "pk": 25,
    "fields": {
      "product": 2,
      "name": "Количество мегапикселей основной камеры",
      "value": "200+12+10+10 Мп"
    }
  },
  {
    "model": "app_products.productspecification",
    "pk": 26,
    "fields": {
      "product": 2,
      "name": "Емкость аккумулятора",
      "value": "5000 мА*ч"
    }
  },
  {
    "model": "app_products.productspecification",
    "pk": 27,
    "fields": {
      "product": 5,
      "name": "Гарантия продавца / производителя",
      "value": "24 мес."
    }
  },
  {
    "model": "app_products.productspecification",
    "pk": 28,
    "fields": {
      "product": 5,
      "name": "Модель",
      "value": "MSI Titan GT77 HX 13VI-096RU"
    }
  },
  {
    "model": "app_products.productspecification",
    "pk": 29,
    "fields": {
      "product": 5,
      "name": "Операционная система",
      "value": "Windows 11 Home Single Language"
    }
  },
  {
    "model": "app_products.productspecification",
    "pk": 30,
    "fields": {
      "product": 5,
      "name": "Диагональ экрана (дюйм)",
      "value": "17.3\""
    }
  },
  {
    "model": "app_products.productspecification",
    "pk": 31,
    "fields": {
      "product": 5,
      "name": "Разрешение экрана",
      "value": "Ultra HD 4K (3840x2160)"
    }
  },
  {
    "model": "app_products.productspecification",
    "pk": 32,
    "fields": {
      "product": 5,
      "name": "Максимальная частота обновления экрана",
      "value": "144 Гц"
    }
  },
  {
    "model": "app_products.productspecification",
    "pk": 33,
    "fields": {
      "product": 5,
      "name": "Модель процессора",
      "value": "Intel Core i9-13980HX"
    }
  },
  {
    "model": "app_products.productspecification",
    "pk": 34,
    "fields": {
      "product": 5,
      "name": "Общее количество ядер",
      "value": "24"
    }
  },
  {
    "model": "app_products.productspecification",
    "pk": 35,
    "fields": {
      "product": 5,
      "name": "Максимальное число потоков",
      "value": "32"
    }
  },
  {
    "model": "app_products.productspecification",
    "pk": 36,
    "fields": {
      "product": 5,
      "name": "Частота процессора",
      "value": "2.2 ГГц"
    }
  },
  {
    "model": "app_products.productspecification",
    "pk": 37,
    "fields": {
      "product": 5,
      "name": "Автоматическое увеличение частоты",
      "value": "5.6 ГГц"
    }
  },
  {
    "model": "app_products.productspecification",
    "pk": 38,
    "fields": {
      "product": 5,
      "name": "Тип оперативной памяти",
      "value": "DDR5"
    }
  },
  {
    "model": "app_products.productspecification",
    "pk": 39,
    "fields": {
      "product": 5,
      "name": "Объем оперативной памяти",
      "value": "32 ГБ"
    }
  },
  {
    "model": "app_products.productspecification",
    "pk": 40,
    "fields": {
      "product": 5,
      "name": "Количество слотов под модули памяти",
      "value": "4"
    }
  },
  {
    "model": "app_products.productspecification",
    "pk": 41,
    "fields": {
      "product": 5,
      "name": "Частота оперативной памяти",
      "value": "4800 МГц"
    }
  },
  {
    "model": "app_products.productspecification",
    "pk": 42,
    "fields": {
      "product": 5,
      "name": "Максимальный объем памяти",
      "value": "128 ГБ"
    }
  },
  {
    "model": "app_products.productspecification",
    "pk": 43,
    "fields": {
      "product": 5,
      "name": "Модель встроенной видеокарты",
      "value": "Intel UHD Graphics"
    }
  },
  {
    "model": "app_products.productspecification",
    "pk": 44,
    "fields": {
      "product": 5,
      "name": "Модель дискретной видеокарты",
      "value": "GeForce RTX 4090 для ноутбуков"
    }
  },
  {
    "model": "app_products.productspecification",
    "pk": 45,
    "fields": {
      "product": 5,
      "name": "Тип видеопамяти",
      "value": "GDDR6"
    }
  },
  {
    "model": "app_products.productspecification",
    "pk": 46,
    "fields": {
      "product": 5,
      "name": "Объем видеопамяти",
      "value": "16 ГБ"
    }
  },
  {
    "model": "app_products.productspecification",
    "pk": 47,
    "fields": {
      "product": 5,
      "name": "Общий объем твердотельных накопителей (SSD)",
      "value": "2000 ГБ"
    }
  },
  {
    "model": "app_products.productspecification",
    "pk": 48,
    "fields": {
      "product": 5,
      "name": "Тип SSD диска",
      "value": "M.2 PCIe"
    }
  },
  {
    "model": "app_products.productspecification",
    "pk": 49,
    "fields": {
      "product": 6,
      "name": "Гарантия продавца",
      "value": "12 мес."
    }
  },
  {
    "model": "app_products.productspecification",
    "pk": 50,
    "fields": {
      "product": 6,
      "name": "Модель",
      "value": "Apple MacBook Pro \"Как новый\""
    }
  },
  {
    "model": "app_products.productspecification",
    "pk": 51,
    "fields": {
      "product": 6,
      "name": "Диагональ экрана (дюйм)",
      "value": "16.2\""
    }
  },
  {
    "model": "app_products.productspecification",
    "pk": 52,
    "fields": {
      "product": 6,
      "name": "Разрешение экрана",
      "value": "3456x2234"
    }
  },
  {
    "model": "app_products.productspecification",
    "pk": 53,
    "fields": {
      "product": 6,
      "name": "Модель процессора",
      "value": "Apple M1 Pro"
    }
  },
  {
    "model": "app_products.productspecification",
    "pk": 54,
    "fields": {
      "product": 6,
      "name": "Общее количество ядер",
      "value": "10"
    }
  },
  {
    "model": "app_products.productspecification",
    "pk": 55,
    "fields": {
      "product": 6,
      "name": "Максимальное число потоков",
      "value": "10"
    }
  },
  {
    "model": "app_products.productspecification",
    "pk": 56,
    "fields": {
      "product": 6,
      "name": "Тип оперативной памяти",
      "value": "LPDDR5"
    }
  },
  {
    "model": "app_products.productspecification",
    "pk": 57,
    "fields": {
      "product": 6,
      "name": "Объем оперативной памяти",
      "value": "16 ГБ"
    }
  },
  {
    "model": "app_products.productspecification",
    "pk": 58,
    "fields": {
      "product": 6,
      "name": "Модель встроенной видеокарты",
      "value": "Apple M1 Pro 16-core"
    }
  },
  {
    "model": "app_products.productspecification",
    "pk": 59,
    "fields": {
      "product": 6,
      "name": "Общий объем твердотельных накопителей (SSD)",
      "value": "512 ГБ"
    }
  },
  {
    "model": "app_products.productspecification",
    "pk": 60,
    "fields": {
      "product": 7,
      "name": "Гарантия продавца / производителя",
      "value": "12 мес."
    }
  },
  {
    "model": "app_products.productspecification",
    "pk": 61,
    "fields": {
      "product": 7,
      "name": "Модель",
      "value": "Samsung QE65QN900BUXCE"
    }
  },
  {
    "model": "app_products.productspecification",
    "pk": 62,
    "fields": {
      "product": 7,
      "name": "Диагональ экрана (дюйм)",
      "value": "65\""
    }
  },
  {
    "model": "app_products.productspecification",
    "pk": 63,
    "fields": {
      "product": 7,
      "name": "Разрешение экрана",
      "value": "8K UltraHD, 7680x4320"
    }
  },
  {
    "model": "app_products.productspecification",
    "pk": 64,
    "fields": {
      "product": 7,
      "name": "Формат экрана",
      "value": "16:9"
    }
  },
  {
    "model": "app_products.productspecification",
    "pk": 65,
    "fields": {
      "product": 7,
      "name": "Частота обновления экрана",
      "value": "120 Гц"
    }
  },
  {
    "model": "app_products.productspecification",
    "pk": 66,
    "fields": {
      "product": 7,
      "name": "Операционная система",
      "value": "Tizen"
    }
  },
  {
    "model": "app_products.productspecification",
    "pk": 67,
    "fields": {
      "product": 7,
      "name": "Поддержка Smart TV",
      "value": "Есть"
    }
  },
  {
    "model": "app_products.productspecification",
    "pk": 68,
    "fields": {
      "product": 7,
      "name": "Цифровые тюнеры",
      "value": "DVB-C, DVB-S, DVB-S2, DVB-T, DVB-T2"
    }
  },
  {
    "model": "app_products.productspecification",
    "pk": 69,
    "fields": {
      "product": 7,
      "name": "Количество HDMI портов",
      "value": "4"
    }
  },
  {
    "model": "app_products.productspecification",
    "pk": 70,
    "fields": {
      "product": 7,
      "name": "Количество USB",
      "value": "3"
    }
  },
  {
    "model": "app_products.productspecification",
    "pk": 71,
    "fields": {
      "product": 7,
      "name": "Игровой телевизор",
      "value": "да"
    }
  },
  {
    "model": "app_products.productspecification",
    "pk": 72,
    "fields": {
      "product": 8,
      "name": "Гарантия продавца / производителя",
      "value": "12 мес."
    }
  },
  {
    "model": "app_products.productspecification",
    "pk": 73,
    "fields": {
      "product": 8,
      "name": "Диагональ экрана (дюйм)",
      "value": "48\""
    }
  },
  {
    "model": "app_products.productspecification",
    "pk": 74,
    "fields": {
      "product": 8,
      "name": "Разрешение экрана",
      "value": "4K UltraHD, 3840x2160"
    }
  },
  {
    "model": "app_products.productspecification",
    "pk": 75,
    "fields": {
      "product": 8,
      "name": "Формат экрана",
      "value": "16:9"
    }
  },
  {
    "model": "app_products.productspecification",
    "pk": 76,
    "fields": {
      "product": 8,
      "name": "Операционная система",
      "value": "Google TV"
    }
  },
  {
    "model": "app_products.productspecification",
    "pk": 77,
    "fields": {
      "product": 8,
      "name": "Поддержка Smart TV",
      "value": "есть"
    }
  },
  {
    "model": "app_products.productspecification",
    "pk": 78,
    "fields": {
      "product": 8,
      "name": "Поддерживаемые носители",
      "value": "USB"
    }
  },
  {
    "model": "app_products.productspecification",
    "pk": 79,
    "fields": {
      "product": 8,
      "name": "Количество HDMI портов",
      "value": "4"
    }
  },
  {
    "model": "app_products.productspecification",
    "pk": 80,
    "fields": {
      "product": 8,
      "name": "Количество USB",
      "value": "2"
    }
  },
  {
    "model": "app_products.productimage",
    "pk": 1,
    "fields": {
      "name": "6.7\" Смартфон Apple iPhone 15 Pro Max 1024 ГБ синий",
      "product": 1,
      "image": "products/images/1/7f9749f9571c2d097ac38121545eaf585e1d0ae30aad7aae6ab83207e5996abd.jpg.webp"
    }
  },
  {
    "model": "app_products.productimage",
    "pk": 2,
    "fields": {
      "name": "6.8\" Смартфон Samsung Galaxy S23 Ultra 1024 ГБ бежевый",
      "product": 2,
      "image": "products/images/2/3725db021d8585c16dbbadacede3bde87c1ed04c755f44134a80ea4352725116.jpg.webp"
    }
  },
  {
    "model": "app_products.productimage",
    "pk": 7,
    "fields": {
      "name": "Характеристики 17.3\" Ноутбук MSI Titan GT77 HX 13VI-096RU черный",
      "product": 5,
      "image": "products/images/5/cb4865c8cef8deb4597f328c1e027aa1d42c00d233f98aadd819f59401280e28.jpg.webp"
    }
  },
  {
    "model": "app_products.productimage",
    "pk": 8,
    "fields": {
      "name": "17.3\" Ноутбук MSI Titan GT77 HX 13VI-096RU черный",
      "product": 5,
      "image": "products/images/5/32bd2930239b14f0a5c82fb659b923b2cd40a8b05609203d8535e23a1aa16614.jpg.webp"
    }
  },
  {
    "model": "app_products.productimage",
    "pk": 9,
    "fields": {
      "name": "17.3\" Ноутбук MSI Titan GT77 HX 13VI-096RU черный",
      "product": 5,
      "image": "products/images/5/c181964fb83558e201ab7d088c52faa7f2e6e5a83582740f9324716e514d7b53.jpg.webp"
    }
  },
  {
    "model": "app_products.productimage",
    "pk": 10,
    "fields": {
      "name": "16.2\" Ноутбук Apple MacBook Pro \"Как новый\" серебристый",
      "product": 6,
      "image": "products/images/6/97be7a758529a77bb88187e403474920445682e016369a4eef2b438afc70e8aa.jpg.webp"
    }
  },
  {
    "model": "app_products.productimage",
    "pk": 11,
    "fields": {
      "name": "16.2\" Ноутбук Apple MacBook Pro \"Как новый\" серебристый",
      "product": 6,
      "image": "products/images/6/375c0d27edcd88d65e4ee68a8fbde9c769d432d133444667332f0f35959b0bd2.jpg.webp"
    }
  },
  {
    "model": "app_products.productimage",
    "pk": 12,
    "fields": {
      "name": "65\" (163 см) Телевизор LED Samsung QE65QN900BUXCE серый",
      "product": 7,
      "image": "products/images/7/3f10b4c63e27d979311979092bd6c73fce6dca195410cf39c59add77c8c3f70d.png.png"
    }
  },
  {
    "model": "app_products.productimage",
    "pk": 13,
    "fields": {
      "name": "65\" (163 см) Телевизор LED Samsung QE65QN900BUXCE серый",
      "product": 7,
      "image": "products/images/7/fde6a1d0c530e43156529dc975c7002e57ea21954f48ef0ecd4d7ea9af3cdf00.jpg.webp"
    }
  },
  {
    "model": "app_products.productimage",
    "pk": 14,
    "fields": {
      "name": "48\" (121 см) Телевизор OLED Sony XR48A90KAEP черный",
      "product": 8,
      "image": "products/images/8/426f3c8e0baca7e1aadc522e108c8562d9fef2f348d1bef2380eb6553af9ae6f.jpg.webp"
    }
  },
  {
    "model": "app_products.productimage",
    "pk": 15,
    "fields": {
      "name": "48\" (121 см) Телевизор OLED Sony XR48A90KAEP черный",
      "product": 8,
      "image": "products/images/8/f37b5ece150195f9de02c9ecb928b12508851dfe40f9dedf3faac25675672dfe.jpg.webp"
    }
  },
  {
    "model": "app_products.tag",
    "pk": 1,
    "fields": {
      "name": "Смартфон",
      "product": [
        1,
        2
      ]
    }
  },
  {
    "model": "app_products.tag",
    "pk": 2,
    "fields": {
      "name": "TV",
      "product": [
        7,
        8
      ]
    }
  },
  {
    "model": "app_products.tag",
    "pk": 3,
    "fields": {
      "name": "Notebook",
      "product": [
        5,
        6
      ]
    }
  },
  {
    "model": "app_products.review",
    "pk": 1,
    "fields": {
      "author": "No name author",
      "email": "noname@name.com",
      "text": "Переходил с 13 Pro Max, первые впечатления - удобнее лежит в руке, субъективно кажется, что новый телефон легче, но по цифрам не уверен, что это так. Корпус тоньше, «плавающая бровь» - прикольно, но не более того, аккумулятор точно держит значительно дольше. Постоянно включенный дисплей пока что больше раздражает, кажется, что надо ткнуть кнопку выключения, но постепенно привыкаю, возможно, функция окажется удобной, а если нет - её можно отключить в настройках. Новая камера крутая, пока не удалось выбраться поснимать где-то на природе или в городе, но из окна попробовал новый оптический зум - заметно отличается от того, что было.",
      "rate": 5,
      "date": "2023-12-15T21:35:55.669Z",
      "product": 1
    }
  },
  {
    "model": "app_products.review",
    "pk": 2,
    "fields": {
      "author": "Дрюля",
      "email": "test@user.com",
      "text": "Snapdragon ! Камера 200Мп! Много всяких плюшек!В целом смарт хороший! Но особых отличий от с22 Ультра не увидел! Только в камере!!! Но телефон стоит своих денег! Только Самсунг, аналогов пока по железу и софту не вижу!!!",
      "rate": 5,
      "date": "2023-12-15T21:47:21.843Z",
      "product": 2
    }
  },
  {
    "model": "app_products.review",
    "pk": 3,
    "fields": {
      "author": "Artelord",
      "email": "artelord@mail.ru",
      "text": "Определенно лучший ноутбук в плане производительности. Он что-то среднее между 4070 ti и 4080, но куда сильнее 3080 ti десктопных версии, преимущественно из-за dlss 3.0\r\n\r\nГлавный плюсы:\r\n\r\n-Экран 4к 144 гц. Очень красочный и сочный\r\n\r\n-Механическая клавиатура\r\n\r\n-Судя по тестам лучший в плане температур и производительности среди ноутбучных 4090. Пока успел скачать rdr2 под всеми ультра настройками в 4к идет стабильно 70+ фпс. Температуры держатся на 69-80 градусах. При том, что кулера работают не на всю мощность. Все идет плавно и не троттлит\r\n\r\n-звук на мой взгляд довольно громкий, качественный для ноутбука\r\n\r\nКулера в принципе работают тихо при простое. В кулер бусте дольно громкий, но по-моему не громче, чем другие ноутбуки от msi. Был у меня и катана и вектор. По шуму в кулер бусте примерно также, возможно чуть громче, но не критично. Для интересующихся тут экран miniLED. Жаль, что в комплекте нет флешки и брелка, как у многих других сборок данной модели",
      "rate": 5,
      "date": "2023-12-16T16:15:07.890Z",
      "product": 5
    }
  },
  {
    "model": "app_products.review",
    "pk": 4,
    "fields": {
      "author": "Пришелец-FE2283",
      "email": "test@mail.com",
      "text": "Звук нормальный. Саундбар не требуется. Дома есть еще одна ипс-сонька 42\" с саундбаром. После покупки планировал переподключить саундбар на этот телек, но передумал, т.к. штатных динамиков хватает. И звук реально за экраном в разных местах, а не с одной точки.",
      "rate": 5,
      "date": "2023-12-16T16:31:50.386Z",
      "product": 8
    }
  },
  {
    "model": "app_products.sale",
    "pk": 1,
    "fields": {
      "product": 5,
      "salePrice": "3000.00",
      "dateFrom": "2023-12-10",
      "dateTo": "2023-12-31"
    }
  },
  {
    "model": "app_products.sale",
    "pk": 2,
    "fields": {
      "product": 1,
      "salePrice": "2000.00",
      "dateFrom": "2023-12-10",
      "dateTo": "2023-12-31"
    }
  },
  {
    "model": "app_orders.order",
    "pk": 1,
    "fields": {
      "createdAt": "2023-12-15T21:24:56.610Z",
      "user": 1,
      "deliveryType": "ordinary",
      "paymentType": "online",
      "totalCost": "2500.00",
      "status": "Оплачен",
      "city": "Иваново",
      "address": "ул.Иванова д.5",
      "products": [
        1
      ]
    }
  },
  {
    "model": "app_orders.countproductinorder",
    "pk": 1,
    "fields": {
      "order": 1,
      "product": 1,
      "count": 1
    }
  }
]